product_name,product_price,review
Chuá»™t KhÃ´ng dÃ¢y Zadez M356,150.000â‚«,Ko xÃ i Ä‘c. Vá» xÃ i Ä‘Ãºng 1 ngÃ y nÃ³ ko xÃ i Ä‘c ná»¯a
Chuá»™t KhÃ´ng dÃ¢y Zadez M356,150.000â‚«,Tá»‘t
Chuá»™t KhÃ´ng dÃ¢y Zadez M356,150.000â‚«,Chuá»™t sÃ i tá»‘t mÆ°á»£t ok áº¡ ráº¥t Ä‘Ã¡ng
Chuá»™t KhÃ´ng dÃ¢y Zadez M356,150.000â‚«,"mÃ¬nh sá»­ dá»¥ng cáº£ nÄƒm nay khÃ¡ á»•n, vÃ  mÃ¬nh ráº¥t hÃ i lÃ²ng."
Chuá»™t KhÃ´ng dÃ¢y Zadez M356,150.000â‚«,MÃ¬nh mua sp cÅ©. NhÆ°ng dÃ¹ng ráº¥t tá»‘t Káº¿t ná»‘i khÃ¡ nhanh. Báº­t lÃ  dÃ¹ng ngÃ¢y luÃ´n BÃ² tá»‘t trÃªn háº§u háº¿t cÃ¡c bá» máº·t NhÃ¢n viÃªn cÅ©ng ká»¹ lÆ°á»¡ng kiá»ƒm tra hÃ ng cho khÃ¡ch LuÃ´n tin dÃ¹ng hÃ ng cá»§a Ä‘mx tgdd ( Mong ráº±ng 200 cá»§a hÃ ng áº¥y k pháº£i khu vá»±c gÃ² váº¥p mÃ¬nh á»Ÿ)
Chuá»™t KhÃ´ng dÃ¢y Zadez M356,150.000â‚«,"má»›i xÃ i vÃ i ngÃ y ok sau sao 1 tuáº§n thÃ¬ quÃ¡ ráº¥t cháº­m, lÆ°á»›i cÃ³ khi khÃ´ng Ä‘i"
Chuá»™t KhÃ´ng dÃ¢y Zadez M356,150.000â‚«,Tá»‘t
Chuá»™t KhÃ´ng dÃ¢y Zadez M356,150.000â‚«,bÃ¬nh thÆ°á»ng
Chuá»™t KhÃ´ng dÃ¢y Zadez M356,150.000â‚«,mua má»›i hay mua cÅ© cháº¥t lÆ°á»£ng Ä‘á»u ráº¥t kÃ©m.
Chuá»™t KhÃ´ng dÃ¢y Zadez M356,150.000â‚«,Chuá»™t sÃ i cg ok. NhÃ¢n viÃªn nhiá»‡t tÃ¬nh. LuÃ´n á»§ng há»™ ÄMX
Chuá»™t KhÃ´ng dÃ¢y Zadez M356,150.000â‚«,Tot
Chuá»™t KhÃ´ng dÃ¢y Zadez M356,150.000â‚«,"GiÃ¡ ráº», dÃ¹ng á»•n Ä‘á»‹nh. MÃ¬nh ráº¥t hÃ i lÃ²ng vá» sáº£n pháº©m"
Chuá»™t KhÃ´ng dÃ¢y Zadez M356,150.000â‚«,QuÃ¡ ráº» so vá»›i quy Ä‘á»‹nh
Chuá»™t KhÃ´ng dÃ¢y Zadez M356,150.000â‚«,Oke
Chuá»™t KhÃ´ng dÃ¢y Zadez M356,150.000â‚«,God
Chuá»™t KhÃ´ng dÃ¢y Zadez M356,150.000â‚«,Ok
Chuá»™t KhÃ´ng dÃ¢y Zadez M356,150.000â‚«,Ok
Chuá»™t KhÃ´ng dÃ¢y Zadez M356,150.000â‚«,Sáº£n pháº©m chuá»™t Zadez M356 Ä‘Ã£ mua ráº¥t cháº¥t lÆ°á»£ng. Cáº£m Æ¡n THDÄ.
Chuá»™t KhÃ´ng dÃ¢y Zadez M356,150.000â‚«,tá»‘t
Chuá»™t KhÃ´ng dÃ¢y Zadez M356,150.000â‚«,Táº¡m
Chuá»™t KhÃ´ng dÃ¢y Zadez M356,150.000â‚«,DÃ¹ lÃ  Ä‘Ã£ qua sá»­ dá»¥ng nhÆ°ng dÃ¹ng ráº¥t ok mÃ¬nh luÃ´n dÃ¹ng chuá»™t cá»§a hÃ£ng nÃ y
Chuá»™t KhÃ´ng dÃ¢y Zadez M356,150.000â‚«,Chuá»™t cÃ³ hiá»‡n tÆ°á»£ng lá»—i nháº£y loáº¡n ko biáº¿t ng khÃ¡c bá»‹ khÃ´ng nhÆ°ng mÃ¬nh bá»‹ lá»—i cáº§m thÃ¬ thoáº£i mÃ¡i
Chuá»™t KhÃ´ng dÃ¢y Zadez M356,150.000â‚«,Sp sá»­ dá»¥ng tá»‘t
Chuá»™t KhÃ´ng dÃ¢y Zadez M356,150.000â‚«,Sá»­ dá»¥ng dá»… nháº¥p chuá»™t cáº£m á»©ng nhanh
Chuá»™t KhÃ´ng dÃ¢y Zadez M356,150.000â‚«,á»–n
Chuá»™t KhÃ´ng dÃ¢y Zadez M356,150.000â‚«,Oki
Chuá»™t KhÃ´ng dÃ¢y Zadez M356,150.000â‚«,Chuá»™t nÃ³ nháº£y nháº£y tÃ¨ le
Chuá»™t KhÃ´ng dÃ¢y Zadez M356,150.000â‚«,Ok. Good
Chuá»™t KhÃ´ng dÃ¢y Zadez M356,150.000â‚«,"Mau háº¿t pin, má»›i mua hÃ´m trÆ°á»›c hÃ´m sau Ä‘á»•i cÃ¡i khÃ¡c ko cho Ä‘á»•i láº¡i pháº£i tráº£ láº¡i lá»— tiá»n"
Chuá»™t KhÃ´ng dÃ¢y Zadez M356,150.000â‚«,Sá»­ dá»¥ng sáº£n pháº©m nÃ y ráº¥t lÃ¢u rá»“i mÃ  sáº£n pháº©m váº«n tá»‘t
Chuá»™t KhÃ´ng dÃ¢y Zadez M356,150.000â‚«,"Chuá»™t k nháº¡y. Click chuá»™t cÃ³ khi k Äƒn, cá»¥c cuá»™n chuá»™t lag lag"
Chuá»™t KhÃ´ng dÃ¢y Zadez M356,150.000â‚«,xÃ i tá»‘t ğŸ‘
Chuá»™t KhÃ´ng dÃ¢y Zadez M356,150.000â‚«,"Ban Ä‘áº§u sá»­ dá»¥ng tá»‘t, chuá»™t ráº¥t nháº¡y, bá»n thÃ¬ sá»­ dá»¥ng lÃ¢u má»›i biáº¿t."
Chuá»™t KhÃ´ng dÃ¢y Zadez M356,150.000â‚«,Tot
Chuá»™t KhÃ´ng dÃ¢y Zadez M356,150.000â‚«,Ok
Chuá»™t KhÃ´ng dÃ¢y Zadez M356,150.000â‚«,Tá»‘t
Chuá»™t KhÃ´ng dÃ¢y Zadez M356,150.000â‚«,Chuá»™t cháº¥t lÆ°á»£ng tá»‘t
Chuá»™t KhÃ´ng dÃ¢y Zadez M356,150.000â‚«,"NhÃ¢n viÃªn tÆ° váº¥n nhiá»‡t tÃ¬nh, tuyá»‡t vá»i. ÄÃºng lÃ  lÃ m dá»‹ch vá»¥ thÃ¬ thÃ¡i Ä‘á»™ cá»§a nhÃ¢n viÃªn quyáº¿t Ä‘á»‹nh 90% sá»± hÃ i lÃ²ng cá»§a khÃ¡ch hÃ ng"
Chuá»™t KhÃ´ng dÃ¢y Zadez M356,150.000â‚«,Má»›i sÃ i Ä‘Æ°á»£c 1 thÃ¡ng rÆ°á»¡i mÃ  giá» khÃ´ng sÃ i Ä‘Æ°á»£c ná»¯a. HÃ£ng cÃ³ báº£o hÃ nh khÃ´ng
Chuá»™t KhÃ´ng dÃ¢y Zadez M356,150.000â‚«,Ok
Chuá»™t KhÃ´ng dÃ¢y Zadez M356,150.000â‚«,Chuá»™t ráº¥t hay bá»‹ nháº£y vá»‹ trÃ­ lung tung. DÃ¹ng á»•n Ä‘c vÃ i hÃ´m Ä‘áº§u
Chuá»™t KhÃ´ng dÃ¢y Zadez M356,150.000â‚«,"vá»«a tay, báº¥m nháº¹. giÃ¡ quÃ¡ há»£p lÃ½. nhÃ¢n viÃªn nhiá»‡t tÃ¬nh."
Chuá»™t KhÃ´ng dÃ¢y Zadez M356,150.000â‚«,"Sá»­ dá»¥ng thuáº­n tay, Ä‘á»™ nháº¡y tá»‘t, phÃ¹ há»£p vá»›i nhu cáº§u sá»­ dá»¥ng cá»§a sinh viÃªn"
Chuá»™t KhÃ´ng dÃ¢y Zadez M356,150.000â‚«,NhÃ¢n viÃªn tÆ° váº¥n ráº¥t nhiá»‡t tÃ¬nh
Chuá»™t KhÃ´ng dÃ¢y Zadez M356,150.000â‚«,Tá»‘t
Chuá»™t KhÃ´ng dÃ¢y Zadez M356,150.000â‚«,ok
Chuá»™t KhÃ´ng dÃ¢y Zadez M356,150.000â‚«,Ráº¥t thÃ­ch
Chuá»™t KhÃ´ng dÃ¢y Zadez M356,150.000â‚«,CÃ²n ráº¥t má»›i vÃ  mÆ°á»£t
Chuá»™t KhÃ´ng dÃ¢y Zadez M356,150.000â‚«,GÃºt chÃ³p
Chuá»™t KhÃ´ng dÃ¢y Zadez M356,150.000â‚«,BÃ¬nh thÆ°á»ng
Chuá»™t KhÃ´ng dÃ¢y Zadez M356,150.000â‚«,Tá»‘t
Chuá»™t KhÃ´ng dÃ¢y Zadez M356,150.000â‚«,"Vá»«a tay, pin bá»n, Ä‘ang dÃ¹ng thá»‰nh thoáº£ng cÃ  giá»±t 1 phÃ¡t. 3 sao"
Chuá»™t KhÃ´ng dÃ¢y Zadez M356,150.000â‚«,ok
Chuá»™t KhÃ´ng dÃ¢y Zadez M356,150.000â‚«,BÃ¬nh thÆ°á»ng
Chuá»™t KhÃ´ng dÃ¢y Zadez M356,150.000â‚«,Sp tá»‘t
Chuá»™t KhÃ´ng dÃ¢y Zadez M356,150.000â‚«,Tá»‘t
Chuá»™t KhÃ´ng dÃ¢y Zadez M356,150.000â‚«,ok
Chuá»™t KhÃ´ng dÃ¢y Zadez M356,150.000â‚«,"Má»™t sao cho lÃ m viá»‡c táº¯c trÃ¡ch, sáº£n pháº©m khÃ´ng cÃ²n trong kho nhÆ°ng váº«n tá»“n táº¡i áº£o trÃªn web, khÃ¡ch hÃ ng Ä‘áº·t giá»¯ hÃ ng thÃ nh cÃ´ng nhÆ°ng khi Ä‘áº¿n nháº­n thÃ¬ khÃ´ng cÃ³ hÃ ng. Váº¥t váº£ cháº¡y 12km. Ráº¥t tá»‡."
Chuá»™t KhÃ´ng dÃ¢y Zadez M356,150.000â‚«,Ok
Chuá»™t KhÃ´ng dÃ¢y Zadez M356,150.000â‚«,Ok
Chuá»™t KhÃ´ng dÃ¢y Zadez M356,150.000â‚«,"Chuá»™t nhanh háº¿t pin, giáº­t lag DÃ¹ng Ä‘Æ°á»£c 3 thÃ¡ng tá»‘n 160K tiá»n mua pin"
Chuá»™t KhÃ´ng dÃ¢y Zadez M356,150.000â‚«,tá»‘t
Chuá»™t KhÃ´ng dÃ¢y Zadez M356,150.000â‚«,Chuá»™t ko dÃ¢y nÃ y ráº¥t há»£p vá»›i ng hay quÃªn nhÆ° tÃ´i
Chuá»™t KhÃ´ng dÃ¢y Zadez M356,150.000â‚«,tá»‘t
Chuá»™t KhÃ´ng dÃ¢y Zadez M356,150.000â‚«,Tá»‘t
Chuá»™t KhÃ´ng dÃ¢y Zadez M356,150.000â‚«,"TrÆ°á»›c dÃ¹ng 1 cÃ¡i tháº¥y tá»‘t nÃªn mua thÃªm cÃ¡i ná»¯a, sáº£n pháº©m tá»‘t, giÃ¡ ráº», nhÃ¢n viÃªn ná»¯,nam há»— trá»£ nhiá»‡t tÃ¬nh"
Chuá»™t KhÃ´ng dÃ¢y Zadez M356,150.000â‚«,KhÃ´ng nháº¡y trong lÃºc má»Ÿ láº¡i mÃ¡y
Chuá»™t KhÃ´ng dÃ¢y Zadez M356,150.000â‚«,HÆ¡i cháº­m
Chuá»™t KhÃ´ng dÃ¢y Zadez M356,150.000â‚«,"Ko biáº¿t ntn lÃºc kt thÃ¬ nÃ³ bÃ¬nh thÆ°á»ng , vá» sá»¯ dá»¥ng thÃ¬ rÃª chuá»™t lÃºc dc lÃºc ko , cÃ²n chuá»™t cÃ³ dÃ¢y á»Ÿ nhÃ  thÃ¬ rÃª phÃ  phÃ "
Chuá»™t KhÃ´ng dÃ¢y Zadez M356,150.000â‚«,"Chuá»™t dÃ¹ng mÆ°á»£t, tiá»‡n, giao hÃ ng chá»‰ dáº«n táº­n tÃ¬nh. Ráº¥t hÃ i lÃ²ng áº¡"
Chuá»™t KhÃ´ng dÃ¢y Zadez M356,150.000â‚«,Ok ráº» vÃ  dá»… dÃ¹ng
Chuá»™t KhÃ´ng dÃ¢y Zadez M356,150.000â‚«,"Ok, sá»­ dá»¥ng ráº¥t mÆ°á»£t"
Chuá»™t KhÃ´ng dÃ¢y Zadez M356,150.000â‚«,ThÃ¬ lÃ  v Ä‘Ã³
Chuá»™t KhÃ´ng dÃ¢y Zadez M356,150.000â‚«,"Chuá»™t hÆ°, khÃ´ng nháº­n pin"
Chuá»™t KhÃ´ng dÃ¢y Zadez M356,150.000â‚«,"Láº¯p pin vÃ o rá»“i mÃ  báº­t khÃ´ng lÃªn Ä‘Ã¨n, láº¯p OTP vÃ´ cÅ©ng khÃ´ng dÃ¹ng Ä‘Æ°á»£c luÃ´n"
Chuá»™t KhÃ´ng dÃ¢y Zadez M356,150.000â‚«,"NhÃ¢n viÃªn nhiá»‡t tÃ¬nh há»— trá»£, sáº£n pháº©m OK!!!"
Chuá»™t KhÃ´ng dÃ¢y Zadez M356,150.000â‚«,Äang sá»­ dá»¥ng ráº¥t tá»‘t
Chuá»™t KhÃ´ng dÃ¢y Zadez M356,150.000â‚«,Good!ğŸ‘
Chuá»™t KhÃ´ng dÃ¢y Zadez M356,150.000â‚«,Chuá»™t sá»­ dá»¥ng tá»‘t
Chuá»™t KhÃ´ng dÃ¢y Zadez M356,150.000â‚«,"Chuá»™t cháº¥t lÆ°á»£ng kÃ©m, Ä‘á»™ nháº¡y khÃ´ng cao, dÃ¹ng vÃ i thÃ¡ng Ä‘Ã£ há»ng"
Chuá»™t KhÃ´ng dÃ¢y Zadez M356,150.000â‚«,ChÆ°a mÆ¡Ì‰ Ä‘Æ°Æ¡Ì£c Ä‘eÌ€n baÌ€n phiÌm
Chuá»™t KhÃ´ng dÃ¢y Zadez M356,150.000â‚«,Ráº¥t rá»‘t
Chuá»™t KhÃ´ng dÃ¢y Zadez M356,150.000â‚«,DÃ¹ng ok
Chuá»™t KhÃ´ng dÃ¢y Zadez M356,150.000â‚«,"CÃ³ váº» model nÃ y bá»‹ lá»—i hay sao, mÃ¬nh mua 2 con chuá»™t á»Ÿ tgdd, 1 con nÃ y vÃ  1 con khÃ¡c, model nÃ y mÃ¬nh Ä‘á»•i láº¡i 1 láº§n rá»“i váº«n bá»‹ tÃ¬nh tráº¡ng nháº£y chuá»™t"
Chuá»™t KhÃ´ng dÃ¢y Zadez M356,150.000â‚«,RÃ¢Ìt hÃ i lÃ²ng
Chuá»™t KhÃ´ng dÃ¢y Zadez M356,150.000â‚«,Sáº£n pháº©m xÃ i ok
Chuá»™t KhÃ´ng dÃ¢y Zadez M356,150.000â‚«,Ráº¥t tá»‘t
Chuá»™t KhÃ´ng dÃ¢y Zadez M356,150.000â‚«,"Äiá»‡n mÃ¡y xanh cÃ³ cháº¿ Ä‘á»™ báº£o hÃ nh tÆ°Æ¡ng Ä‘á»‘i á»•n. NhÃ¢n viÃªn tÆ° váº¥n nhiá»‡t tÃ¬nh, thÃ¡i Ä‘á»™ hoÃ  nhÃ£ vui váº»"
Chuá»™t KhÃ´ng dÃ¢y Zadez M356,150.000â‚«,"Tgdd thÃ¬ hong cÃ²n gÃ¬ Ä‘á»ƒ chÃª, hÃ ng lÃºc nÃ o cÅ©ng ok rá»“i nv thÃ¬ nhiá»‡t tÃ¬nh ngay bÃ¡c giá»¯ xe cÅ©ng váº­y 5s"
Chuá»™t KhÃ´ng dÃ¢y Zadez M356,150.000â‚«,tá»‘t
Chuá»™t KhÃ´ng dÃ¢y Zadez M356,150.000â‚«,"Gia há»£p lÃ­, sá»­ dá»¥ng á»•n, nhÃ¢n viÃªn bÃ¡n hÃ ng nhiá»‡t tÃ¬nh vui váº»."
Chuá»™t KhÃ´ng dÃ¢y Zadez M356,150.000â‚«,"DÃ¹ng Ä‘Æ°á»£c 1 thÃ¡ng Ä‘áº§u ok. Sang thÃ¡ng thá»© 2 thÃ¬ báº¯t Ä‘áº§u lá»—i, má»›i thay pin 1 ngÃ y thÃ¬ háº¿t pin."
Chuá»™t KhÃ´ng dÃ¢y Zadez M356,150.000â‚«,Tá»‘t
Chuá»™t KhÃ´ng dÃ¢y Zadez M356,150.000â‚«,"Má»i ngÆ°á»i Ä‘á»«ng mua con nÃ y... con Ä‘áº§u tiÃªn mua thÃ¬ sau 1 thÃ¡ng khÃ´ng sÃ¡ng Ä‘Ã¨n... váº«n cÃ²n báº£o hÃ nh ra Ä‘á»•i con má»›i thÃ¬ dÃ¹ng Ä‘Æ°á»£c 1 thÃ¡ng thÃ¬ tÃ­n hiá»‡u ráº¥t yáº¿u, giáº­t lag liÃªn tá»¥c dÃ¹ thay pin má»›i...."
Chuá»™t KhÃ´ng dÃ¢y Zadez M356,150.000â‚«,Hiá»‡n táº¡i sáº£n pháº©m tÃ´i mua Ä‘ang dÃ¹ng tháº¥y ráº¥t á»•n
Chuá»™t KhÃ´ng dÃ¢y Zadez M356,150.000â‚«,"Chuá»™t tá»‘t, giao hÃ ng lÃ¢u"
Chuá»™t KhÃ´ng dÃ¢y Zadez M356,150.000â‚«,"Chuá»™t bá»‹ lá»—i, con trá» nháº£y loáº¡n xáº¡ khi dÃ¹ng. Äá»“ cÅ© cá»§a TGDD giá» khÃ´ng khÃ¡c gÃ¬ hÃ ng ve chai, xÃ i Ä‘Æ°á»£c hay khÃ´ng do hÃªn xui. Mua Ä‘á»“ cÅ© Ä‘Ã£ xÃ¡c Ä‘á»‹nh trÆ°á»›c may rá»§i nhÆ°ng dáº¡o gáº§n Ä‘Ã¢y cháº¥t lÆ°á»£ng quÃ¡ tá»‡, cháº¯c Ä‘á»“ ráº» nÃªn coi thÆ°á»ng..."
Chuá»™t KhÃ´ng dÃ¢y Zadez M356,150.000â‚«,Tá»‘t
Chuá»™t KhÃ´ng dÃ¢y Zadez M356,150.000â‚«,Phá»¥c vá»¥ tá»‘t nhanh gá»n
Chuá»™t KhÃ´ng dÃ¢y Zadez M356,150.000â‚«,Tuyá»‡t vá»i nháº¥t
Chuá»™t KhÃ´ng dÃ¢y Zadez M356,150.000â‚«,"Sp ráº¥t tá»‘t, hÃ i lÃ²ng"
Chuá»™t KhÃ´ng dÃ¢y Zadez M356,150.000â‚«,"Mua chuá»™t khÃ¡c bá»‹ hÆ°, tráº£ láº¡i mua loáº¡i nÃ y Ä‘Ãºng lÃ  khÃ´ng tháº¥t vá»ng. XÃ i ok."
Chuá»™t KhÃ´ng dÃ¢y Zadez M356,150.000â‚«,Tá»‘t
Chuá»™t KhÃ´ng dÃ¢y Zadez M356,150.000â‚«,Good
Chuá»™t KhÃ´ng dÃ¢y Zadez M356,150.000â‚«,Ngon!
Chuá»™t KhÃ´ng dÃ¢y Zadez M356,150.000â‚«,Mau háº¿t pin quÃ¡
Chuá»™t KhÃ´ng dÃ¢y Zadez M356,150.000â‚«,a tháº¥y hÃ ng ráº¥t ok
Chuá»™t KhÃ´ng dÃ¢y Zadez M356,150.000â‚«,Chuá»™t Ä‘áº¹p phÃ¹ há»£p vá»›i giÃ¡ tiá»n
Chuá»™t KhÃ´ng dÃ¢y Zadez M356,150.000â‚«,Tá»‘t
Chuá»™t KhÃ´ng dÃ¢y Zadez M356,150.000â‚«,SÃ i oki khÃ´ng váº¥n Ä‘á» gÃ¬
Chuá»™t KhÃ´ng dÃ¢y Zadez M356,150.000â‚«,Tá»‘t
Chuá»™t KhÃ´ng dÃ¢y Zadez M356,150.000â‚«,ráº¥t ngon trong táº§m giÃ¡ chuá»™t nháº¡y 1600 DPI báº¥m lÃ¢u dÃ i Ã­t bá»‹ liá»‡t. lá»£i Ã­ch cá»§a nÃ³ lÃ  khÃ´ng cÃ³ dÃ¢y rÆ°á»m rÃ . xÃ i vÃ i thÃ¡ng nÃªn thay pin 1 láº§n Ä‘á»ƒ sá»­ dá»¥ng tá»‘t hÆ¡n
Chuá»™t KhÃ´ng dÃ¢y Zadez M356,150.000â‚«,Chuá»™t má»›i mua vá» cá»© giá»±t gá»±t bá»±c bá»™i. ThÃªm xÃ i pin mini mau háº¿t pin kinh
Chuá»™t KhÃ´ng dÃ¢y Zadez M356,150.000â‚«,Chuá»™t nháº£y lung tung. Nhiá»u lÃºc Ä‘ang dÃ¹ng con trá» tá»± nhiÃªn nháº£y ra táº­n gÃ³c mÃ n hÃ¬nh. Äá»ƒ chuá»™t náº±m im trÃªn bÃ n mÃ  con trá» tá»± di chuyá»ƒn
Chuá»™t KhÃ´ng dÃ¢y Zadez M356,150.000â‚«,"MÃ¬nh mua máº¥y con Ä‘á»u bá»‹ nhanh háº¿t pin, háº¿t tuáº§n lÃ  cáº·p pin ra Ä‘i, cá»‘ sÃ i sáº½ ráº¥t lag, khÃ´ng biáº¿t nhÆ° v cÃ³ Ä‘Æ°á»£c báº£o hÃ nh hay khÃ´ng"
Chuá»™t KhÃ´ng dÃ¢y Zadez M356,150.000â‚«,"XÃ i ráº¥t á»•n, Ä‘áº±m tay, Ä‘á»™ chÃ­nh xÃ¡c cá»§a chuá»™t á»Ÿ má»©c khÃ¡ trá»Ÿ lÃªn"
Chuá»™t KhÃ´ng dÃ¢y Zadez M356,150.000â‚«,"Chuá»™t sá»­ dá»¥ng tá»‘t, nhanh, nháº¡y, nháº¹, ráº¥t Ä‘Ã¡ng tiá»n"
Chuá»™t KhÃ´ng dÃ¢y Zadez M356,150.000â‚«,"Sáº£n pháº©m tuyá»‡t voi`, gia cÅ©ng khÃ¡ ok, anh em nÃªn mua nha!"
Chuá»™t KhÃ´ng dÃ¢y Zadez M356,150.000â‚«,"Mua 2 con dÃ¹ng cho Ä‘iá»‡n thoáº¡i 1 con, dÃ¹ng cho laptop 1 con hÆ¡n 2 nÄƒm váº«n á»•n Ã¡p. 150k nhÆ°ng Ä‘c1600 mpi. máº¥y con 1200mpi láº¡i máº¥y trÄƒm k:)). Mua pin trong bhx xÃ i mÃ£i ko háº¿t. NÃ³i chung Ä‘Ã¡ng Ä‘á»“ng tiá»n bÃ¡t gáº¡o láº¯m."
Chuá»™t KhÃ´ng dÃ¢y Zadez M356,150.000â‚«,"Con chuá»™t 150k xÃ i tá»‘t vÃ´ cÃ¹ng, pin ráº¥t lÃ¢u, nháº¡y"
Chuá»™t KhÃ´ng dÃ¢y Zadez M356,150.000â‚«,"NhÃ¢n viÃªn bÃ¡o pin AA mÃ  vá» má»Ÿ ra thÃ¬ láº¡i lÃ  2 pin AAA, chuá»™t dÃ¹ng thá»i gian Ä‘áº§u ok, táº§m 3 thÃ¡ng tháº¥y nhanh háº¿t pin (máº·c dÃ¹ mÃ¬nh pin Energizer). Chuá»™t lÄƒn 3 Ä‘Ã£ cÃ³ hiá»‡n tÆ°á»£ng loáº¡n khi lÄƒn lÃªn xuá»‘ng. Váº«n cÃ²n trong thá»i gian báº£o hÃ nh, chiá»u qua xem nhÃ¢n viÃªn ÄMX cÃ³ Ä‘Ã¡nh giÃ¡ sáº£n pháº©m lá»—i khÃ´ng hay lá»—i ngÆ°á»i dÃ¹ng :D"
Chuá»™t KhÃ´ng dÃ¢y Zadez M356,150.000â‚«,"mÃ¬nh mua con chuá»™t nÃ y táº§m 5 thÃ¡ng rá»“i. THá»i gian Ä‘áº§u xÃ i pin NCC cho sáºµn nÃªn khÃ¡ á»•n. Sau Ä‘Ã³ thÃ¬ tá»± mua pin gáº¯n vÃ o thÃ¬ cá»±c nhanh háº¿t pin, lÃ¢u lÃ¢u pin cÃ²n phá»“ng lÃªn. TÃ´i má»›i thay má»™t cáº·p pin ngÃ y hÃ´m qua mÃ  giá» Ä‘Ã£ nháº¥p nhÃ¡y sáº¯p háº¿t, cháº¯c cháº¯n lÃ  do chuá»™t cÃ³ váº¥n Ä‘á»"
Chuá»™t KhÃ´ng dÃ¢y Zadez M356,150.000â‚«,good
Chuá»™t KhÃ´ng dÃ¢y Zadez M356,150.000â‚«,Cháº¯c cháº¯n Ä‘i chuyá»ƒn tá»‘t
Chuá»™t KhÃ´ng dÃ¢y Zadez M356,150.000â‚«,DÃ™NG OKE CHUá»˜T NHáº Y
Chuá»™t KhÃ´ng dÃ¢y Zadez M356,150.000â‚«,ÃŠm
Chuá»™t KhÃ´ng dÃ¢y Zadez M356,150.000â‚«,TÃ´i ráº¥t thÃ­ch. Má»›i mua vá» nÃªn chÆ°a cáº£m nháº­n nhiá»u nhÆ°ng hiá»‡n táº¡i chuá»™t ráº¥t nháº¡y vÃ  tá»‘t ko cÃ³ tiáº¿ng á»“n. HoÃ n háº£oğŸ‘
Chuá»™t KhÃ´ng dÃ¢y Zadez M356,150.000â‚«,Sáº£n pháº©m tá»‘t nhÃ¢n viÃªn nhiá»‡t tÃ¬nh nÃ³i chung lÃ  ok
Chuá»™t KhÃ´ng dÃ¢y Zadez M356,150.000â‚«,Chá»‰ má»›i mua vÃ  sá»­ dá»¥ng chÆ°a Ä‘c 1 tuáº§n mÃ  chuá»™t ko Ä‘c nháº¡y cho láº¯m pháº£i báº¥m nhiá»u láº§n má»›i Ä‘c
Chuá»™t KhÃ´ng dÃ¢y Zadez M356,150.000â‚«,"chuá»™t hay tá»± nháº£y khi Ä‘á»ƒ im, ngá»‘n pin, cáº£m á»©ng khÃ´ng nháº¡y,... nÃªu lÃ  dÃ¹ng pin AA mÃ  tháº­t ra dÃ¹ng AAA"
Chuá»™t KhÃ´ng dÃ¢y Zadez M356,150.000â‚«,"Sáº£n pháº©m dÃ¹ng má»›i 2 thÃ¡ng Ä‘Ã£ khÃ´ng nháº­n tÃ­n hiá»‡u, mua Ä‘Æ°á»£c 4 thÃ¡ng mÃ  Ä‘Ã£ Ä‘á»•i 2 con chuá»™t rá»“i tÃ­nh ra má»—i con dÃ¹ng Ä‘Æ°á»£c chÆ°a tá»›i 2 thÃ¡ng Ä‘Ã£ há»ng"
Chuá»™t KhÃ´ng dÃ¢y Zadez M356,150.000â‚«,"mÃ¬nh mua con nÃ y cÅ©ng hÆ¡n 1 nÄƒm rá»“i, khÃ´ng biáº¿t lÃ  cÃ³ hÃ£ng Ä‘á»ƒ gá»­i sá»­a khÃ´ng hay lÃ  hÆ° lÃ  bá» váº­y"
Chuá»™t KhÃ´ng dÃ¢y Zadez M356,150.000â‚«,Sáº£n pháº©m ráº» bá»n Ä‘áº¹p. NhÃ¬n máº©u Ä‘á»ƒ lá»±a chá»n. Trong nhá»¯ng sáº£n pháº©m loa Bluetooth cÃ³ nhá»¯ng máº«u thá»i ráº¥t muá»‘n mua nhÆ°ng lÃºc nÃ o cÅ©ng cÃ³ ngÆ°á»i Ä‘áº·c háº¿t.?!?..
Chuá»™t KhÃ´ng dÃ¢y Zadez M356,150.000â‚«,TÃ´i thÃ­ch xÃ i mouse 1 pin AA. NhÆ°ng website Ä‘Æ°a ThÃ´ng tin pin AA mÃ  thá»±c táº¿ lÃ  pin AAA. Máº¥t lÃ²ng tin khi coi thÃ´ng sá»‘ ká»¹ thuáº­t
Chuá»™t KhÃ´ng dÃ¢y Zadez M356,150.000â‚«,"Mua chuá»™t khÃ´ng dÃ¢y mÃ  bÃªn trong khÃ´ng cÃ³ usb káº¿t ná»‘i xem nhÆ° khÃ´ng xÃ i Ä‘Æ°á»£c. LiÃªn há»‡ thÃ¬ nÃ³i Ä‘em ra cá»­a hÃ ng trong khi Ä‘ang trong tgian giÃ£n cÃ¡ch khÃ´ng Ä‘Æ°á»£c Ä‘i ra ngoÃ i. NhÃ¢n viÃªn nÃ³i Ä‘á»£i háº¿t giÃ£n cÃ¡ch thÃ¬ Ä‘áº¿n cá»­a hÃ ng trong khi mua do cáº§n lÃ m viá»‡c liá»n. Cháº¿ Ä‘á»™ dá»‹ch vá»¥ khÃ¡ch hÃ ng, xá»­ lÃ½ váº¥n Ä‘á» quÃ¡ tá»‡."
Chuá»™t KhÃ´ng dÃ¢y Zadez M356,150.000â‚«,Má»›i mua vÃ  sá»­ dá»¥ng dc 2 hÃ´m. chuá»™t tá»‘t. Ä‘á»™ nháº¡y mÆ°á»£t mÃ . sáº½ giá»›i thiá»‡u cho báº¡n bÃ¨
Chuá»™t KhÃ´ng dÃ¢y Zadez M356,150.000â‚«,TÃ´i dÃ¹ng hÆ¡n 1 nÄƒm nay tháº¥y ráº¥t tá»‘t.. MÃ  dÃ¹ng cho bÃµ tivi ná»­a... 5SAO. Sao ai cÅ©ng cho cÃ³ 1-2 sao...
Chuá»™t KhÃ´ng dÃ¢y Zadez M356,150.000â‚«,mÃ¬nh cÃ³ mua sáº£n pháº©m nÃ y bÃªn cá»­a hÃ ng ngÃ y 13/9 . Ä‘áº¿n hÃ´m nay chuá»™t bá»‹ há»ng khÃ´ng thao tÃ¡c Ä‘Æ°á»£c thÃ¬ mÃ¬nh cÃ³ Ä‘Æ°á»£c báº£o hÃ nh sáº£n pháº©m nÃ y khÃ´ng áº¡
Chuá»™t KhÃ´ng dÃ¢y Zadez M356,150.000â‚«,"Pin quÃ¡ nhanh háº¿t, xÃ i liÃªn tá»¥c thÃ¬ 5ngÃ y háº¿t cáº·p pin. TÃ´i muá»‘n Ä‘Æ°á»£c báº£o hÃ nh nhÆ°ng hiá»‡n Ä‘anh cÃ³ chá»‰ thá»‹ phÃ²ng chá»‘ng dá»‹ch nÃªn khÃ´ng ra khá»i nhÃ  thÃ¬ pháº£i lÃ m sao?"
Chuá»™t KhÃ´ng dÃ¢y Zadez M356,150.000â‚«,Em cÃ³ mua thÃªm 1 con chuá»™t M356 hÃ´m 14/7 dÃ¹ng Ä‘áº¿n nay chuá»™t cÃ³ hiá»‡n tÆ°á»£ng Ä‘á»ƒ yÃªn khÃ´ng dÃ¹ng chuá»™t tá»± di chuyá»ƒn lung tung. EM cÃ³ thá»­ dÃ¹ng láº¡i chuá»™t cÅ© cÅ©ng M356 mua 3 nÄƒm trÆ°á»›c thÃ¬ con Ä‘áº¥y bÃ¬nh thÆ°á»ng. Cho em há»i Ä‘Ã¢y cÃ³ pháº£i do bá»‹ do laser chuá»™t khÃ´ng áº¡
Chuá»™t KhÃ´ng dÃ¢y Zadez M356,150.000â‚«,"Chuá»™t dÃ¹ng á»•n, nhÆ°ng lÃºc mua nhÃ¢n viÃªn tÆ° váº¥n lÃ  chuá»™t cÃ³ thá»ƒ káº¿t ná»‘i bluetooth, mÃ  giá» mÃ¬nh khÃ´ng biáº¿t káº¿t ná»‘i tháº¿ nÃ o, khÃ´ng káº¿t ná»‘i Ä‘Æ°á»£c."
Chuá»™t KhÃ´ng dÃ¢y Zadez M356,150.000â‚«,"Chuá»™t nhanh háº¿t pin, ai dÃ¹ng nhiá»u pháº£i thay pin sau 10 ngÃ y. GiÃ¡ 2 viÃªn pin cÃ¹ng táº§m 10k, tÃ­nh ra 1 thÃ¡ng tá»‘n 30k tiá»n pin. NgoÃ i ra, cáº£m giÃ¡c chuá»™t khÃ´ng nháº¡y, nhiá»u lÃºc bá»‹ Ä‘Æ¡, náº¿u khÃ´ng kÃª táº¥m lÃ³t thÃ¬ chuá»™t hay bá»‹ nháº£y máº·c dÃ¹ khÃ´ng dÃ¹ng. MÃ¬nh khÃ¡ bá»±c mÃ¬nh vá» sáº£n pháº©m."
Chuá»™t KhÃ´ng dÃ¢y Zadez M356,150.000â‚«,"TÃ´i mua con chuá»™t nÃ y Ä‘Æ°á»£c 1 thÃ¡ng. giá» báº­t lÃªn ko Ä‘Æ°á»£c luÃ´n, thay pin cÅ©ng váº­y, Ä‘áº§u usb thÃ¬ cá»©ng ngáº¯c, khÃ³ cáº¯m vÃ o laptop. tgdd láº¡i Ä‘Ã³ng cá»­a. tÃ´i cáº§n lÆ°u láº¡i thÃ´ng tin Ä‘á»ƒ háº¿t dá»‹ch Ä‘i báº£o hÃ nh."
Chuá»™t KhÃ´ng dÃ¢y Zadez M356,150.000â‚«,"MÃ¬nh vá»«a mua con chuá»™t nÃ y hÃ´m 6/8 (tá»©c lÃ  má»›i dÃ¹ng Ä‘Æ°á»£c 1 ngÃ y) mÃ  hÃ´m nay Ä‘Ã£ cháº­p chá»n rá»“i. - KhÃ´ng Ä‘á»¥ng Ä‘áº¿n má»™t lÃºc lÃ  chuá»™t tá»± táº¯t Ä‘Ã¨n, cá»© pháº£i táº¯t Ä‘i báº­t láº¡i suá»‘t , cháº³ng láº½ vá»«a mua Ä‘Ã£ háº¿t pin? - Thá»‰nh thoáº£ng Ä‘áº§u thu cá»© ko nháº­n dÃ¹ Ä‘Ã£ chá»‰nh Ä‘i chá»‰nh láº¡i. NÃ³i chung má»›i dÃ¹ng Ä‘Æ°á»£c 1 tÃ­ mÃ  Ä‘Ã£ cÃ³ váº¥n Ä‘á», máº·c dÃ¹ chá»‰nh thÃ¬ váº«n dÃ¹ng Ä‘Æ°á»£c tiáº¿p nhÆ°ng ráº¥t lÃ  báº¥t tiá»‡n."
Chuá»™t KhÃ´ng dÃ¢y Zadez M356,150.000â‚«,"em mua chuá»™t Ä‘Æ°á»£c 2 tuáº§n hÆ¡n giá» sá»­ dá»¥ng nÃ³ bá»‹ dÆ¡ vá»›i di chuyá»ƒn khÃ´ng Ä‘Æ°á»£c, khÃ´ng biáº¿t cÃ³ Ä‘Æ°á»£c Ä‘á»•i láº¡i Ä‘Æ°á»£c ko ?"
Chuá»™t KhÃ´ng dÃ¢y Zadez M356,150.000â‚«,"Dá»‹ch vá»¥ ráº¥t tá»‡. TÃ´i mua con chuá»™t 18/2/2021, sá»­ dá»¥ng Ä‘Ãºng 3 thÃ¡ng hÆ°. Máº¥y bá»¯a nay dá»‹ch tÃ´i ráº¥t ngáº¡i Ä‘i báº£o hÃ nh. HÃ´m nay tÃ´i pháº£i lÃ m viá»‡c táº¡i nhÃ  nÃªn ra há»i báº£o hÃ nh thÃ¬ yÃªu cáº§u tÃ´i pháº£i cÃ³ Ä‘Ã³ng dáº¥u má»™c xÃ¡c nháº­n cá»§a CTY tÃ´i thÃ¬ má»›i cho Ä‘á»•i vÃ¬ trÆ°á»›c Ä‘Ã¢y tÃ´i xuáº¥t HD VAT cho cÃ´ng ty. TÃ´i nÃ³i cÃ¡i yáº¿u kÃ©m cá»§a cÃ¡c báº¡n lÃ  thá»© nháº¥t khi tÃ´i Ä‘i báº£o hÃ nh lÃ  cÃ¡c báº¡n nÃ³i Ä‘á»•i má»›i cho tÃ´i, chá»© khÃ´ng pháº£i tÃ´i tráº£ hÃ ng mÃ  yÃªu cáº§u CTY tÃ´i pháº£i Ä‘Ã³ng má»™c? TÃ´i lÃ m bÃªn phÃ¢n phá»‘i cÃ¡c sáº£n pháº©m cá»§a cÃ¡c cÃ´ng ty khÃ´ng á»Ÿ Ä‘Ã¢u cÃ³ quy luáº­t nÃ y? Nhá»› lÃ  tÃ´i báº£o hÃ nh chá»© khÃ´ng pháº£i Ä‘á»•i tráº£. Thá»© hai lÃ  cÃ¡c báº¡n cÃ³ biáº¿t giÃ¡ trá»‹ cá»§a sáº£n pháº©m lÃ  bao nhiÃªu khÃ´ng? 150k mÃ  cÃ¡c báº¡n lÃ m quÃ¡ khi yÃªu cáº§u Ä‘Ã³ng má»™c. TÃ´i á»Ÿ chi nhÃ¡nh Äá»“ng Nai, CTY máº¹ á»Ÿ TP HCM, giá» tÃ´i cháº¡y lÃªn cÃ´ng ty Ä‘Ã³ng má»™c hay sao? Thá»© ba lÃ  cÃ¡c báº¡n cÃ³ biáº¿t Ä‘ang cÃ³ giÃ£n cÃ¡ch xÃ£ há»™i vÃ  khuyáº¿n khÃ­ch ngÆ°á»i dÃ¢n lÃ m viá»‡c táº¡i nhÃ  hay khÃ´ng? HÃ nh"
Chuá»™t KhÃ´ng dÃ¢y Zadez M356,150.000â‚«,"Nhanh háº¿t pin, dÃ¹ng khoáº£ng 20 ngÃ y thay pin 1 láº§n, mÃ¬nh Ä‘Ã£ Ä‘á»•i 1 láº§n, giá» con lÄƒn láº¡i phÃ¡t ra tiáº¿ng ko hay"
Chuá»™t KhÃ´ng dÃ¢y Zadez M356,150.000â‚«,DÃ¹ng Ä‘Æ°á»£c 2 thÃ¡ng lá»—i driver. Chuá»™t cáº¯m vÃ o chá»‰ di chuyá»ƒn khÃ´ng click hay cuá»™n trá» Ä‘Æ°á»£c.
Chuá»™t KhÃ´ng dÃ¢y Zadez M356,150.000â‚«,chuá»™t má»›i mua Ä‘Æ°á»£c 3 ngÃ y. 2 ngÃ y khÃ´ng xÃ i Ä‘Æ°á»£c .Ä‘Ã¨n thÃ¬ chÃ¡y mÃ  di chuyá»ƒn khÃ´ng Ä‘Æ°á»£c. Ä‘Ã£ Ä‘á»•i á»• ghim nhÆ°ng khÃ´ng Ä‘Æ°á»£c. vÃ¬ lÃ m khÃ´ng cÃ³ thá»i gian nÃªn khÃ´ng ra báº£o hÃ nh Ä‘Æ°á»£c . chÃ¡n tháº­t sá»±
Chuá»™t KhÃ´ng dÃ¢y Zadez M356,150.000â‚«,"ÄÃ¡nh giÃ¡: chuá»™t ráº¥t nháº¡y, ráº¥t Ä‘Ã¡ng tiá»n, nhÃ¢n viÃªn thÃ¬ ráº¥t nhiá»‡t tÃ¬nh!! vote 5 sao!!"
Chuá»™t KhÃ´ng dÃ¢y Zadez M356,150.000â‚«,"Mua 1 láº§n chÆ°a Ä‘Æ°á»£c 2 tuáº§n ná»¯a mÃ  pháº£i Ä‘á»•i 1 láº§n, cáº£ 2 con lÃºc Ä‘áº§u xÃ i thÃ¬ Ä‘Æ°á»£c lÃºc sau vá» Ä‘Æ°á»£c 2-3 ngÃ y lÃ  hÆ° lÃªn hÆ° xuá»‘ng, Ä‘Ã¨n thÃ¬ nháº¡t chá»›p chá»›p cÃ³ khi khÃ´ng lÃªn luÃ´n. Lá»¡ Ä‘á»ƒ mÃ¡y chá» lÃ m gÃ¬ tÃ­ há»“i quay láº¡i lÃ  ko xÃ i Ä‘Æ°á»£c chuá»™t, thÃ­ch thÃ¬ cháº¡y ko thÃ­ch thÃ¬ nÃ³ Ä‘Æ¡ luÃ´n máº·c dÃ¹ khá»Ÿi Ä‘á»™ng láº¡i gáº¯n pin láº¡i cÃ¡c kiá»ƒu váº«n ko xÃ i Ä‘Æ°á»£c. mua phÃ­ cáº£ tiá»n cÃ²n rÆ°á»›c bá»±c vÃ o ngÆ°á»i"
Chuá»™t KhÃ´ng dÃ¢y Zadez M356,150.000â‚«,"Sáº£n pháº©m tá»‘t. Nháº¡y, cáº§m cháº¯c tay, nhÃ¢n viÃªn phá»¥c vá»¥ chu Ä‘Ã¡o táº­n tÃ¬nh, Ä‘Ã£ mua nhiá»u Ä‘á»i chuá»™t táº¡i Ä‘Ã¢y"
Chuá»™t KhÃ´ng dÃ¢y Zadez M356,150.000â‚«,MÃ¬nh má»›i mua Ä‘Æ°á»£c 5 ngÃ y. NhÆ°ng bá»—ng dÆ°ng chuá»™t khÃ´ng khÃ´ng dÃ¹ng Ä‘Æ°á»£c ná»¯a. KhÃ´ng pháº£i do lá»—i ngÆ°á»i sá»­ dá»¥ng váº­y cÃ³ Ä‘Æ°á»£c Ä‘á»•i khÃ´ng?
Chuá»™t KhÃ´ng dÃ¢y Zadez M356,150.000â‚«,"táº¡m con lÄƒn thÃ¬ dÃ¹ng lÃ¢u khi lÄƒn sáº½ nghe tiáº¿ng ráº¥t phÃª :))) kÃ³t kÃ©t nghe ráº¥t vui tai cÃ²n láº¡i thÃ¬ á»•n pin táº¡m dÃ¹ng 2 3 thÃ¡ng thay 1 láº§n lÆ°á»›t á»Ÿ bá» máº·t bÃ n khÃ¡ Ãªm, cÃ³ pad chuá»™t thÃ¬ á»•n hÆ¡n"
Chuá»™t KhÃ´ng dÃ¢y Zadez M356,150.000â‚«,"Tá»‘t nÃ¨! cho 5 sao -- viáº¿t tháº¿ nÃ o cho Ä‘á»§ 50 kÃ½ tá»± cho xong Ä‘Ã¢y ,.. cáº§n viáº¿t dÃ i quÃ¡"
Chuá»™t KhÃ´ng dÃ¢y Zadez M356,150.000â‚«,"sÃ i muá»‘n Ä‘áº­p cho rá»“i, hÃ ng kiá»ƒu gÃ¬ muá»‘n Äƒn thÃ¬ Äƒn, ko thi Ä‘Æ¡ lÃºc nÃ o Ä‘Æ¡, hÃ ng cÃ²n thua chuá»™t mÃ¡y chá»¥c ngÃ n"
Chuá»™t KhÃ´ng dÃ¢y Zadez M356,150.000â‚«,Thiáº¿t káº¿ nhá» gá»n vá»«a tay mÃ¬nh. Tiáº¿ng click chuá»™t Ãªm hÆ¡n háº³n chuá»™t cá»§a hÃ£ng genius. CÃ³ tÃ­nh nÄƒng tá»± Ä‘á»™ng táº¯t khi khÃ´ng dÃ¹ng ráº¥t tiá»‡n lá»£i.
Chuá»™t KhÃ´ng dÃ¢y Zadez M356,150.000â‚«,"ÄÃ£ tá»«ng sá»­ dá»¥ng loáº¡i chuá»™t nÃ y rá»“i, dÃ¹ng khÃ¡ lÃ¢u, bá»n nÃªn nay mua láº¡i. Tá»± Ä‘á»™ng táº¯t khi khÃ´ng sá»­ dá»¥ng, tiáº¿t kiá»‡m pin (cÃ¡i cÅ© pháº£i tá»± táº¯t báº±ng tay), pin trÃ¢u, tay cáº§m cháº¯c. Cá»­a hÃ ng phá»¥c vá»¥ nhiá»‡t tÃ¬nh, dá»‹ch vá»¥ tá»‘t."
Chuá»™t KhÃ´ng dÃ¢y Zadez M356,150.000â‚«,"ChuÃ´Ì£t khaÌ Ã´Ì‰n luÌc mang vÃªÌ€ nhÆ°ng bÄƒÌt Ä‘Ã¢Ì€u coÌ dÃ¢Ìu hiÃªÌ£u nhÃ¢Ì£n tiÌnh hiÃªÌ£u keÌm sau 2-3 tuÃ¢Ì€n sÆ°Ì‰ duÌ£ng, vaÌ€ tiÃªÌp tuÌ£c trong 2-3 tuÃ¢Ì€n sau phÃ¢Ì€n caÌ‰m Æ°Ìng lÆ°Æ¡Ìt chuÃ´Ì£t bÄƒÌt Ä‘Ã¢Ì€u coÌ tiÌ€nh traÌ£ng khÃ´ng thÃªÌ‰ gÆ°Ì‰i tiÌnh hiÃªÌ£u Ä‘ÃªÌn maÌy tiÌnh Ä‘ÃªÌ‰ nhÃ¢Ì£n noÌ."
Chuá»™t KhÃ´ng dÃ¢y Zadez M356,150.000â‚«,Vá»«a nháº­n hÃ ng xong bÃ³c há»™p ra Ä‘Ã£ tháº¥y máº¥y váº¿t xÆ°á»›c nÃ y. TGDD kinh doanh hÃ ng má»›i hay cÅ© váº­y
Chuá»™t KhÃ´ng dÃ¢y Zadez M356,150.000â‚«,"chuá»™t nÃ y cháº¥t lÆ°á»£ng ko bá»n, lÃºc má»›i mua vá» sÃ i ngon láº¯m, sau 2 tuáº§n thÃ¬ nÃ³ bá»‹ di chuyá»ƒn bá»‹ rÃ­t, cÃ³ khi ko Ä‘i. ra báº£o hÃ nh Ä‘á»•i cÃ¡i má»›i, vá» xÃ i dc gáº§n 1 thÃ¡ng láº¡i cÃ³ dáº¥u hiá»‡u di chuyá»ƒn bá»‹ rÃ­t. hÃ ng ráº» quÃ¡ nÃªn cháº¥t lÆ°á»£ng ko cao."
Chuá»™t KhÃ´ng dÃ¢y Zadez M356,150.000â‚«,"Chuá»™t nháº¹ Ã´m vá»«a tay, phÃ­m báº¥m nháº¹. TrÆ°á»£t trÃªn bá» máº·t carton lÃºc Ä‘Æ°á»£c, lÃºc khÃ´ng chá»© trÃªn máº·t kÃ­nh trÆ¡n cháº¯c khá»i di chuyá»ƒn Ä‘Æ°á»£c <br />"
Chuá»™t KhÃ´ng dÃ¢y Zadez M356,150.000â‚«,"Chuá»™t kÃ©o tháº£ tay ráº¥t dá»… dÃ ng, sá»­ dá»¥ng Ã´m vÃ  Ä‘áº§m tay , sÃ i ráº¥t bá»n"
Chuá»™t KhÃ´ng dÃ¢y Zadez M356,150.000â‚«,"Thiáº¿t káº¿ chuá»™t Ä‘áº¹p, gá»n, nháº¡y, sÃ i ráº¥t bá»n. Ráº¥t thÃ­ch chÃ­nh sÃ¡ch báº£o hÃ nh 1 nÄƒm, mÃ¬nh ráº¥t yÃªn tÃ¢m sá»­ dá»¥ng"
Chuá»™t KhÃ´ng dÃ¢y Zadez M356,150.000â‚«,"Cháº¥t lÆ°á»£ng tá»‘t, mÃ u sáº¯c Ä‘áº¹p, Ã­t bÃ¡m báº©n náº¿u cÃ³ thÃ¬ cÅ©ng dá»… lau chÃ¹i. CHUá»˜T dÃ¹ng thuáº­n tiá»‡n khi sá»­ dá»¥ng lÃ  má»™t sáº£n pháº©m tuyá»‡t vá»i, mua cÃ¹ng nhá»¯ng mÃ³n khÃ¡c Ä‘Æ°á»£c giáº£m"
Chuá»™t KhÃ´ng dÃ¢y Zadez M356,150.000â‚«,"Sáº£n pháº©m thiáº¿t káº¿ cháº¯c tay cáº§m khÃ´ng bá»‹ má»i tay, sáº£n pháº©m dÃ¹ng ráº¥t mÆ°á»£n nhanh, tÃ´i ráº¥t thÃ­ch sáº£n pháº©m nÃ y."
Chuá»™t KhÃ´ng dÃ¢y Zadez M356,150.000â‚«,"sáº£n pháº©m cháº¡y mÆ°á»£t, ráº¥t thÃ­ch chÃ­nh sÃ¡ch báº£o hÃ nh lá»—i 1 Ä‘á»•i 1 trong vÃ²ng 1 nÄƒm, ráº¥t Æ°ng Ã½"
Chuá»™t KhÃ´ng dÃ¢y Zadez M356,150.000â‚«,"Ngon lÃ nh cÃ nh Ä‘Ã o. LuÃ´n mua hÃ ng á»Ÿ Ä‘mx vÃ  tgdd, vÃ¬ Ä‘c bao xÃ i bÃ  báº£o hÃ nh uy tÃ­n"
Chuá»™t KhÃ´ng dÃ¢y Zadez M356,150.000â‚«,"Chuá»™t khÃ´ng dÃ¢y Zadez M356 sá»­ dá»¥ng 2 viÃªn pin AA Ä‘á»ƒ duy duy trÃ¬ nguá»“n Ä‘iá»‡n. Khay pin Ä‘Æ°á»£c thiáº¿t káº¿ bÃªn trong dá»… dÃ ng thay tháº¿ chá»‰ vá»›i má»™t thao tÃ¡c má»Ÿ náº¯p. tÆ°Æ¡ng thÃ­ch vá»›i háº§u háº¿t má»i ná»n táº£ng cho mÃ¡y tÃ­nh hay di Ä‘á»™ng hiá»‡n nay, cÃ¹ng vá»›i káº¿t ná»‘i USB nÃªn báº¡n chá»‰ cáº§n cáº¯m vÃ o báº¥t cá»© thiáº¿t bá»‹ nÃ o cÅ©ng cÃ³ thá»ƒ dÃ¹ng ngay tá»©c kháº¯c."
Chuá»™t KhÃ´ng dÃ¢y Zadez M356,150.000â‚«,"sp sd lÃ¢u k biÃ©t tháº¿ nao. nhÆ°ng hiá»‡n táº¡i sd ráº¥t nháº¡y, dá»… báº¥m. sd Ä‘Æ°á»£c cho cáº£ tv. nv dmx nhiá»‡t tÃ¬nh vui váº» dá»… gáº§n k giá»‘ng nv cá»§a Ä‘iá»‡n mÃ¡y nguyá»…n kim. dÃ¹ lÃ  chuyá»‡n nhá» há» cÅ©ng nhiá»‡t tÃ¬nh há»— trá»£ ráº¥t chu Ä‘Ã¡o. nÃ³i chung k t mua sp chÆ°a bÃ n Ä‘áº¿n cl nhÆ°ng chá»‰ cáº§n v nhÆ° tháº¿ lÃ  Ä‘Ã£ muá»‘n vÃ o mua rá»“i. cáº£m Æ¡n dmx. hy vá»ng dmx giá»¯ phong thÃ¡i tháº¿ nÃ y kÃ¨m vá»›i sp cháº¥t lÆ°á»£ng thÃ¬ Ä‘Ã³ lÃ  Ä‘á»u hp cá»§a khÃ¡ch hÃ ng rá»“i."
Chuá»™t KhÃ´ng dÃ¢y Zadez M356,150.000â‚«,Má»›i mua chÆ°a Ä‘Æ°á»£c 1 nÄƒm lÃºc Ä‘áº§u má»›i vá» thÃ¬ dÆ°á»£c khoáº£ng 8-9m rá»“i cá»© ngáº¯n dáº§n Ä‘áº¿n bÃ¢y giá» thÃ¬ khÃ´ng káº¿t ná»‘i Ä‘Æ°á»£c luÃ´n.
Chuá»™t KhÃ´ng dÃ¢y Zadez M356,150.000â‚«,"Sáº£n pháº©m xÃ i ráº¥t thÃ­ch, phÃ¹ há»£p vá»›i nhu cáº§u sá»­ dá»¥ng, cÃ³ thá»ƒ xÃ i Ä‘Æ°á»£c trÃªn máº·t kÃ­nh mÃ  khÃ´ng cáº§n miáº¿ng lÃ³t."
Chuá»™t KhÃ´ng dÃ¢y Zadez M356,150.000â‚«,Chuá»™t khÃ´ng dÃ¢y nÃ y ráº¥t tiá»‡n lá»£i vÃ  tÃ´t . tÃ´i ráº¥t hÃ i lÃ²ng vá»›i sp nÃ y cÅ©ng nhÆ° hÃ i lÃ²ng vá»›i cÃ¡c báº¡n nv khi cÃ¡c báº¡n tÆ° váº¥n cÃ¡c báº¡n ráº¥t nhá»‡t tÃ¬nh cÃ²n má»i nÆ°á»›c tÃ´i ná»¯a . cáº£m Æ¡n cÃ¡c báº¡n
Chuá»™t KhÃ´ng dÃ¢y Zadez M356,150.000â‚«,"Chuá»™t nháº¡y, thiáº¿t káº¿ tráº» trung vÃ  Ä‘áº¹p máº¯t, dá»… dÃ ng hoáº¡t Ä‘á»™ng Ä‘Æ°á»£c trÃªn nhiá»u bá» máº·t khÃ¡c nhau. GiÃ¡ cáº£ tá»‘t.nhÃ¢n viÃªn nhiá»‡t tÃ¬nh tÆ° váº¥n"
Chuá»™t KhÃ´ng dÃ¢y Zadez M356,150.000â‚«,"DÃ¹ng nhanh, tiáº¿t kiá»‡m pin, nÃ³i chung ráº¥t ráº¥t Ä‘Æ°á»£c. So vá»›i genius thÃ¬ tiáº¿t kiá»‡m pin hÆ¡n nhiá»u"
Chuá»™t KhÃ´ng dÃ¢y Zadez M356,150.000â‚«,"Thiáº¿t káº¿ nhá» gá»n, tinh táº¿, vá»«a tay cáº§m, cháº¥t lÆ°á»£ng quÃ¡ tuyá»‡t vá»i giÃ¡ cáº£ láº¡i pháº£i chÄƒng, dá»‹ch vá»¥ chu Ä‘Ã¡o, mÃ¬nh ráº¥t thÃ­ch sáº£n pháº©m nÃ y"
Chuá»™t KhÃ´ng dÃ¢y Zadez M356,150.000â‚«,"Sáº£n pháº©m gá»n nháº¹ Ä‘áº¹p máº¯t . xÃ i ráº¥t nháº¡y , thiáº¿t káº¿ dá»… sá»­ dá»¥ng giÃ¡ thÃ nh thÃ¬ láº¡i ráº½, cháº¥t lÆ°á»£ng mÃ  láº¡i Ä‘Æ°á»£c báº£o hÃ nh tá»›i 1 nÄƒm quÃ¡ Æ°u Ä‘Ã£i. TÃ´i ráº¥t thÃ­ch."
Chuá»™t KhÃ´ng dÃ¢y Zadez M356,150.000â‚«,"Sáº£n pháº©m thiáº¿t káº¿ Ä‘áº¹p , giÃ¡ cáº£ há»£p lÃ½ pháº£i chÄƒng, sáº£n pháº©m sá»­ dá»¥ng Ãªm mÆ°á»£t mÃ , cáº§m khÃ´ng bá»‹ má»—i tay"
Chuá»™t KhÃ´ng dÃ¢y Zadez M356,150.000â‚«,"Thiáº¿t káº¿ nhá» gá»n mÃ u sáº¯c trang nhÃ£, káº¿t ná»‘i nháº¡y, cÃ³ háº³n hai viÃªn pin trong chuá»™t, Ä‘áº§u usb cÃ³ thá»ƒ cáº¥t gá»n trong chuá»™t, giÃ¡ cáº£ há»£p lÃ½, nhÃ¢n viÃªn tÆ° váº¥n nhiá»‡t tÃ¬nh. Cáº£m Æ¡n Ä‘iá»‡n mÃ¡y xanh <br />"
Chuá»™t KhÃ´ng dÃ¢y Zadez M356,150.000â‚«,Thiáº¿t káº¿ nhá» gá»n lÆ°á»›t wep nhanh nháº¡y láº¡i káº¿t ná»‘i tivi ráº¥t tá»‘t nhÃ¢n viÃªn tÆ° váº¥n nhiá»‡t tÃ¬nh dá»ƒ thÆ°Æ¡ng
Chuá»™t KhÃ´ng dÃ¢y Zadez M356,150.000â‚«,"Thiáº¿t káº¿ tráº» trung, nhá» gá»n, káº¿t ná»‘i chuá»™t nháº¡y, dá»… dÃ ng Ä‘iá»u kiá»ƒn trÃªn cÃ¡c cháº¥t liá»‡u, káº¿t ná»‘i box tivi ráº¥t tiá»‡n lá»£i, Ä‘á»™ bá»n cao, hÃ i lÃ²ng cháº¥t lÆ°á»£ng sáº£n pháº©m"
Chuá»™t KhÃ´ng dÃ¢y Zadez M356,150.000â‚«,"Chuá»™t mÃ u sáº¯c Ä‘áº¹p thiáº¿t káº¿ sang trá»ng, sá»­ dá»¥ng bá»n nhÃ¢n viÃªn tÆ° váº¥n nhiá»‡t tÃ¬nh mÃ¬nh ráº¥t thÃ­ch"
Chuá»™t KhÃ´ng dÃ¢y Zadez M356,150.000â‚«,"Thiáº¿t káº¿ thá»i trang, nhá» gá»n. Äá»™ nháº¡y cao. Káº¿t ná»‘i xa. Cháº¿ Ä‘á»™ tiáº¿t kiá»‡m pin tá»± Ä‘á»™ng khi khÃ´ng sá»­ dung. Äá»™ bá»n cao. Sáº£n pháº©m cháº¥t lÆ°á»£ng"
Chuá»™t KhÃ´ng dÃ¢y Zadez M356,150.000â‚«,"Nhá» gá»n, tiá»‡n lá»£i, nhanh nháº­y tuy nhiÃªn káº¿t ná»‘i vá»›i ti vi chÆ°a thay tháº¿ Ä‘Æ°á»£c cÃ¡c phÃ­m di chuyá»ƒn."
Chuá»™t KhÃ´ng dÃ¢y Zadez M356,150.000â‚«,"Sáº£n pháº©m chuá»™t báº¥m ráº¥t nháº¡y, chÃ­nh sÃ¡ch báº£o hÃ nh tá»‘t lá»—i Ä‘á»•i trong má»™t nÄƒm, cáº§m ráº¥t vá»«a tay, nhÃ¢n viÃªn vui váº» nhiá»‡t tÃ¬nh"
Chuá»™t KhÃ´ng dÃ¢y Zadez M356,150.000â‚«,"Thiáº¿t káº¿ nhá» gá»n tiá»‡n lá»£i, mÃ u sáº¯c Ä‘áº¹p, sá»­ dá»¥ng nhanh nháº¡y, khÃ´ng bá»‹ giá»±t khi sá»­ dá»¥ng. Báº£o hÃ nh Ä‘á»•i tráº£ 1 Ä‘á»•i 1 trong 1 nÄƒm tá»‘t. NhÃ¢n viÃªn nhiá»‡t tÃ¬nh. HÃ i lÃ²ng khi mua á»Ÿ Ä‘iá»‡n mÃ¡y xanh"
Chuá»™t KhÃ´ng dÃ¢y Zadez M356,150.000â‚«,sáº£n pháº©m Ä‘áº¹p cáº§m cháº¯c cháº¯n vÃ  Ä‘áº§m tay ! sá»­ dá»¥ng dá»… rÃ ng tiá»‡n gá»n Ä‘Ã£ xá»­ dá»¥ng hÆ¡n nÄƒm cháº¥t lÆ°á»£ng váº«n cÃ²n tá»‘t ! <br />nhÃ¢n viÃªn nhiá»‡t tÃ¬nh chu Ä‘Ã¡o !
Chuá»™t KhÃ´ng dÃ¢y Zadez M356,150.000â‚«,Thiáº¿t káº¿ tráº» trung vÃ  Ä‘áº¹p máº¯t. <br />PhÃ¹ há»£p vá»›i ngÆ°á»i dÃ¹ng thuáº­n tay trÃ¡i hoáº·c tay pháº£i. <br />Dá»… dÃ ng káº¿t ná»‘i thÃ´ng qua cá»•ng giao tiáº¿p USB. <br />Bá» máº·t chá»‘ng bÃ¡m báº©n vÃ  dáº¥u vÃ¢n tay. <br />CÃ³ thá»ƒ hoáº¡t Ä‘á»™ng Ä‘Æ°á»£c trÃªn nhiá»u bá» máº·t khÃ¡c nhau.
Chuá»™t KhÃ´ng dÃ¢y Zadez M356,150.000â‚«,"Chuá»™t nháº¡y, xÃ i ráº¥t bá»n, Ä‘áº¹p, khÃ´ng bá»‹ dá»±t khi Ä‘ang sá»­ dá»¥ng, nhÃ¢n viÃªn phá»¥c vá»¥ tá»‘t,"
Chuá»™t KhÃ´ng dÃ¢y Zadez M356,150.000â‚«,"sáº£n pháº©m cháº¥t lÆ°á»£ng giÃ¡ ráº» nhá» gá»n dá»… dÃ ng sá»­ dá»¥ng ,bÃ o hÃ nh tá»‘t ráº¥t yÃªn tÃ¢m khi dÃ¹ng sáº£n pháº©m Ä‘mx"
Chuá»™t KhÃ´ng dÃ¢y Zadez M356,150.000â‚«,"Sáº£n pháº©m cháº¥t lÆ°á»£ng, giÃ¡ cáº£ pháº£i chÄƒng, máº«u mÃ£ Ä‘áº¹p, bá»n báº£o hÃ nh tá»‘t, nhÃ¢n viÃªn vui váº» nhiá»‡t tÃ¬nh"
Chuá»™t KhÃ´ng dÃ¢y Zadez M356,150.000â‚«,ÄÃ£ xÃ i gáº§n hÆ¡n 1 nÄƒm chuá»™t váº«n xÃ i Ãªm vÃ  mÆ°á»£t. Chuá»™t nhá» gá»n dá»… dÃ ng Ä‘á»ƒ vÃ  balo hoáº·c cáº§m khi sá»­ dá»¥ng vá»«a tay
Chuá»™t KhÃ´ng dÃ¢y Zadez M356,150.000â‚«,"Sáº£n pháº©m sá»‰ dá»¥ng ráº¥t tuyá»‡t vá»i lÃ¢u vÃ  bá»n, vá»«a cáº§m di chuyá»ƒn , cháº¿ Ä‘á»™ báº£o hÃ nh cá»§a bÃªn bÃ¡n ráº¥t hÃ i lÃ²ng"
Chuá»™t KhÃ´ng dÃ¢y Zadez M356,150.000â‚«,"ÄÃ£ sá»­ dá»¥ng ráº¥t nhiá»u chuá»™t nÃ y, sáº£n pháº©m cÅ©ng Ä‘Æ°á»£c, di chuyá»ƒn mÆ°á»£t mÃ , nÃ³i chung ok. nhÆ°ng xÃ i hÆ¡n Ä‘Æ°á»£c nÄƒm lÃ  cÃ³ dáº¥u hiá»‡u bá»‹ lá»—i. :)"
Chuá»™t KhÃ´ng dÃ¢y Zadez M356,150.000â‚«,"Tuy mua sáº£n pháº©m Ä‘Ã£ qua sá»­ dá»¥ng nhÆ°ng dÃ¹ng cáº£ nÄƒm váº«n cÃ²n ráº¥t á»•n Ä‘á»‹nh, ráº¥t hÃ i lÃ²ng"
Chuá»™t KhÃ´ng dÃ¢y Zadez M356,150.000â‚«,"Cháº¥t lÆ°á»£ng tá»‘t, nhÃ¢n viÃªn phá»¥c vá»¥ tá»‘t, sáº£m pháº©m tuyá»‡t vá»i, thanh toÃ¡n nhanh. <br />Chuá»™t xÃ i nhanh nháº¡y."
Chuá»™t KhÃ´ng dÃ¢y Zadez M356,150.000â‚«,Sáº£n pháº©m bá»n Ä‘áº¹p. Thiáº¿t káº¿ gá»n. Káº¿t ná»‘i mÃ¡y tÃ­nh nhanh. NhÃ¢n viÃªn tÆ° váº¥n nhiá»‡t tÃ¬nh vui váº»
Chuá»™t KhÃ´ng dÃ¢y Zadez M356,150.000â‚«,"Kiá»ƒu dÃ¡ng tinh táº¿, gá»n. Káº¿t ná»‘i mÃ¡y tÃ­nh nhanh. Sáº£n pháº©m cháº¥t lÆ°á»£ng, sÃ i ráº¥t bá»n"
Chuá»™t KhÃ´ng dÃ¢y Zadez M356,150.000â‚«,"Chuá»™t xÃ i nhanh, nháº¡y mÃ  tiá»‡n lÃ  cÃ³ thá»ƒ káº¿t ná»‘i vá»›i tivi á»Ÿ nhÃ  mÃ¬nh Ä‘ang xÃ i ná»¯a chá»©. An tÃ¢m sá»­ dá»¥ng táº¡i báº£o hÃ nh 1 nÄƒm 1 Ä‘á»•i 1 luÃ´n Ã¡ chá»©."
Chuá»™t KhÃ´ng dÃ¢y Zadez M356,150.000â‚«,"Sáº£n pháº©m tá»‘t, xÃ i ráº¥t nháº¡y thiáº¿t káº¿ Ä‘áº¹p, vá»«a vá»›i táº§m tay. NhÃ¢n viÃªn há»— trá»£ nhiá»‡t tÃ¬nh, cáº£m tháº¥y ráº¥t hÃ i lÃ²ng."
Chuá»™t KhÃ´ng dÃ¢y Zadez M356,150.000â‚«,"Chuá»™t sá»­ dá»¥ng ráº¥t bá»n, thiáº¿t káº¿ Ä‘áº¹p, chuá»™t quang ráº¥t nháº¡y, ChÃ­nh sÃ¡ch báº£o hÃ nh 1 Ä‘á»•i 1 trong 1 nÄƒm ráº¥t tá»‘t"
Chuá»™t KhÃ´ng dÃ¢y Zadez M356,150.000â‚«,"pháº£i nÃ³i lÃ  dÃ¹ng ráº¥t sÆ°á»›ng luÃ´n. nhanh .nháº­y. cáº§m vá»«a tay, thiáº¿t káº¿ nhá» gá»n. hÃ i lÃ²ng"
Chuá»™t KhÃ´ng dÃ¢y Zadez M356,150.000â‚«,"Chuá»™t mÃ u sáº¯c trang nhÃ£, nháº¡y, cáº§m vá»«a tay khi sá»­ dá»¥ng, khÃ´ng gÃ¢y má»i tay. NÃ³i chung lÃ  ráº¥t hÃ i lÃ²ng"
Chuá»™t KhÃ´ng dÃ¢y Zadez M356,150.000â‚«,"sá»­ dá»¥ng ráº¥t nháº¡y, lÆ°á»›t web nhanh,dÃ¹ng khÃ¡ tá»‘t vÃ  bá»n. ráº¥t Æ°ng Ã½,SP cháº¥t lÆ°á»£ng dÃ¹ng tá»‘t , chÃ­nh sÃ¡ch báº£o hÃ nh tá»‘t,ráº¥t hÃ i lÃ²ng vá»›i cÃ¡ch phá»¥c vá»¥"
Chuá»™t KhÃ´ng dÃ¢y Zadez M356,150.000â‚«,"Sáº£n pháº©m Ä‘áº¹p nhá» gá»n cÃ³ thá»ƒ mang theo bÃªn mÃ¬nh, khÃ´ng cÃ³ dÃ¢y ráº¥t tiá»‡n lá»£i. <br />ÄÃ£ dÃ¹ng ráº¥t lÃ¢u mÃ  chÆ°a cÃ³ bá»‹ hÆ°"
Chuá»™t KhÃ´ng dÃ¢y Zadez M356,150.000â‚«,Chuá»™t dÃ¹ng tá»‘t. GiÃ¡ sáº£n pháº©m cÅ©ng ráº¥t má»m mÃ  Ä‘Æ°á»£c báº£o hÃ nh táº­n 1 nÄƒm. BÃªn ngoÃ i mua khÃ´ng Ä‘Æ°á»£c báº£o hÃ nh
Chuá»™t KhÃ´ng dÃ¢y Zadez M356,150.000â‚«,"sáº£n pháº©m tá»‘t giÃ¡ thÃ nh ráº»,sá»­ dá»¥ng ráº¥t nháº¡y, pháº£n há»“i nhanh ráº¥t hÃ i lÃ²ng khi mua hÃ ng á»Ÿ tháº¿ giá»›i di Ä‘á»™ng"
Chuá»™t KhÃ´ng dÃ¢y Zadez M356,150.000â‚«,"MiÌ€nh mÆ¡Ìi mua chuÃ´Ì£t zadez taÌ£i ÄiÃªÌ£n maÌy Xanh, sÆ°Ì‰ duÌ£ng rÃ¢Ìt tÃ´Ìt, vÆ°Ì€a tay, nhaÌ£y, sÆ°Ì‰ duÌ£ng cho lÆ°Æ¡Ìt wed, marst tivi, giaÌ reÌ‰, baÌ‰o haÌ€nh chu Ä‘aÌo"
Chuá»™t KhÃ´ng dÃ¢y Zadez M356,150.000â‚«,"Chuá»™t sÃ i ráº¥t sÆ°á»›ng tay, cáº§m cháº¯c cháº¯n, báº£o hÃ nh ráº¥t ok. nhÃ¢n viÃªn vui váº» láº¯m, cáº£m Æ¡n Ä‘iá»‡n mÃ¡y xanh"
Chuá»™t KhÃ´ng dÃ¢y Zadez M356,150.000â‚«,"Chuá»™t xÃ i ráº¥t tá»‘t, lÆ°á»›t web nhanh vÃ  láº¹ ngá»“i xa váº«n dÃ¹ng Ä‘Æ°á»£c khÃ´ng cáº§n pháº£i gÃµ trÃªn lop top ráº¥t tiá»‡n lá»£i tÃ´i ráº¥t hÃ i lÃ²ng cáº£m Æ¡n Ä‘iá»‡n mÃ¡y xanh Ä‘Ã£ cung cáº¥p sáº£n pháº©m ráº¥t tá»‘t"
Chuá»™t KhÃ´ng dÃ¢y Zadez M356,150.000â‚«,"mÃ¬nh mua chuá»™t nÃ y cÅ©ng khÃ¡ lÃ¢u, tá»›i giá» chÆ°a hÆ° há»ng, dÃ¹ng khÃ¡ tá»‘t vÃ  bá»n. ráº¥t Æ°ng Ã½"
Chuá»™t KhÃ´ng dÃ¢y Zadez M356,150.000â‚«,"Chuá»™t xÃ i ráº¥t tá»‘t, lÆ°á»›t web nhanh vÃ  láº¹ ngá»“i xa váº«n dÃ¹ng Ä‘Æ°á»£c khÃ´ng cáº§n pháº£i gÃµ trÃªn lop top ráº¥t tiá»‡n lá»£i tÃ´i ráº¥t hÃ i lÃ²ng cáº£m Æ¡n Ä‘iá»‡n mÃ¡y xanh Ä‘Ã£ cung cáº¥p sáº£n pháº©m ráº¥t tá»‘t"
Chuá»™t KhÃ´ng dÃ¢y Zadez M356,150.000â‚«,"Sáº£n pháº©m Æ°ng Ã½, phÃ¹ há»£p vá»›i ngÆ°á»i dÃ¹ng mÃ¡y tÃ­nh, SP cháº¥t lÆ°á»£ng dÃ¹ng tá»‘t , chÃ­nh sÃ¡ch báº£o hÃ nh tá»‘t, nhÃ¢n viÃªn phá»¥c vá»¥ vui váº»"
Chuá»™t KhÃ´ng dÃ¢y Zadez M356,150.000â‚«,"chuá»™t dÃ¹ng nháº¡y, thÃ­ch, ráº¥t hÃ i lÃ²ng vá»›i cÃ¡ch phá»¥c vá»¥, vs chÃ­nh sÃ¡ch báº£o hÃ nh cá»§a TGDD. tuyá»‡t vá»i"
Chuá»™t KhÃ´ng dÃ¢y Zadez M356,150.000â‚«,"Sáº£n pháº©m tá»‘t, kiá»ƒu dÃ¡ng gá»n cáº§m vá»«a tay, chuá»™t ráº¥t nháº¡y, Ä‘ang giáº£m giÃ¡ cÃ²n 150 ngÃ n, báº£o hÃ nh 1 Ä‘á»•i 1, ráº¥t Ä‘Ã¡ng mua, hÃ i lÃ²ng vá»›i sáº£n pháº©m"
Chuá»™t KhÃ´ng dÃ¢y Zadez M356,150.000â‚«,"Sáº£n pháº©m Æ°ng Ã½, phÃ¹ há»£p vá»›i ngÆ°á»i dÃ¹ng mÃ¡y tÃ­nh, SP cháº¥t lÆ°á»£ng dÃ¹ng tá»‘t , chÃ­nh sÃ¡ch báº£o hÃ nh tá»‘t, nhÃ¢n viÃªn phá»¥c vá»¥ vui váº»"
Chuá»™t KhÃ´ng dÃ¢y Zadez M356,150.000â‚«,"Sáº£n pháº©m Æ°ng Ã½, phÃ¹ há»£p vá»›i ngÆ°á»i dÃ¹ng mÃ¡y tÃ­nh, SP cháº¥t lÆ°á»£ng dÃ¹ng tá»‘t , chÃ­nh sÃ¡ch báº£o hÃ nh tá»‘t, nhÃ¢n viÃªn phá»¥c vá»¥ vui váº»"
Chuá»™t KhÃ´ng dÃ¢y Zadez M356,150.000â‚«,"sáº£n pháº©m ráº¥t vá»«a Ã½, giÃ¡ thÃ nh phÃ¹ há»£p, cháº¥t lÆ°á»£ng tá»‘t, chÃ­nh sÃ¡ch báº£o hÃ nh Ä‘á»•i tráº£ ráº¥t tá»‘t, nhÃ¢n viÃªn phá»¥c vá»¥ nhiá»‡t tÃ¬nh, vui váº»"
Chuá»™t KhÃ´ng dÃ¢y Zadez M356,150.000â‚«,"kiá»ƒu dÃ¡ng nhá» gá»n, phÃ¹ há»£p vá»›i nhiá»u kÃ­ch cá»¡ bÃ n tay khÃ¡c nhau, tiáº¿p xÃºc tá»‘t vá»›i nhiá»u bá» máº·t khÃ¡c nhau"
Chuá»™t KhÃ´ng dÃ¢y Zadez M356,150.000â‚«,"Sáº£n pháº©m nhá» gá»n vá»«a tay cáº§m cáº¥t trong balo ráº¥t dá»…, phÃ­m báº¥m Ä‘á»™ náº£y tá»‘t, cÃ¡c thao tÃ¡c ráº¥t á»•n"
Chuá»™t KhÃ´ng dÃ¢y Zadez M356,150.000â‚«,"Chuá»™t sá»­ dá»¥ng ráº¥t bá»n, thiáº¿t káº¿ Ä‘áº¹p, chuá»™t quang ráº¥t nháº¡y, ChÃ­nh sÃ¡ch báº£o hÃ nh 1 Ä‘á»•i 1 trong 1 nÄƒm ráº¥t tá»‘t"
Chuá»™t KhÃ´ng dÃ¢y Zadez M356,150.000â‚«,"pháº£i nÃ³i lÃ  dÃ¹ng ráº¥t sÆ°á»›ng luÃ´n. nhanh .nháº­y. cáº§m vá»«a tay, thiáº¿t káº¿ nhá» gá»n. hÃ i lÃ²ng"
Chuá»™t KhÃ´ng dÃ¢y Zadez M356,150.000â‚«,"Chuá»™t mÃ u sáº¯c trang nhÃ£, nháº¡y, cáº§m vá»«a tay khi sá»­ dá»¥ng, khÃ´ng gÃ¢y má»i tay. NÃ³i chung lÃ  ráº¥t hÃ i lÃ²ng"
Chuá»™t KhÃ´ng dÃ¢y Zadez M356,150.000â‚«,"sá»­ dá»¥ng ráº¥t nháº¡y, lÆ°á»›t web nhanh,dÃ¹ng khÃ¡ tá»‘t vÃ  bá»n. ráº¥t Æ°ng Ã½,SP cháº¥t lÆ°á»£ng dÃ¹ng tá»‘t , chÃ­nh sÃ¡ch báº£o hÃ nh tá»‘t,ráº¥t hÃ i lÃ²ng vá»›i cÃ¡ch phá»¥c vá»¥"
Chuá»™t KhÃ´ng dÃ¢y Zadez M356,150.000â‚«,"Sáº£n pháº©m Ä‘áº¹p nhá» gá»n cÃ³ thá»ƒ mang theo bÃªn mÃ¬nh, khÃ´ng cÃ³ dÃ¢y ráº¥t tiá»‡n lá»£i. <br />ÄÃ£ dÃ¹ng ráº¥t lÃ¢u mÃ  chÆ°a cÃ³ bá»‹ hÆ°"
Chuá»™t KhÃ´ng dÃ¢y Zadez M356,150.000â‚«,Chuá»™t dÃ¹ng tá»‘t. GiÃ¡ sáº£n pháº©m cÅ©ng ráº¥t má»m mÃ  Ä‘Æ°á»£c báº£o hÃ nh táº­n 1 nÄƒm. BÃªn ngoÃ i mua khÃ´ng Ä‘Æ°á»£c báº£o hÃ nh
Chuá»™t KhÃ´ng dÃ¢y Zadez M356,150.000â‚«,"sáº£n pháº©m tá»‘t giÃ¡ thÃ nh ráº»,sá»­ dá»¥ng ráº¥t nháº¡y, pháº£n há»“i nhanh ráº¥t hÃ i lÃ²ng khi mua hÃ ng á»Ÿ tháº¿ giá»›i di Ä‘á»™ng"
Chuá»™t KhÃ´ng dÃ¢y Zadez M356,150.000â‚«,"MiÌ€nh mÆ¡Ìi mua chuÃ´Ì£t zadez taÌ£i ÄiÃªÌ£n maÌy Xanh, sÆ°Ì‰ duÌ£ng rÃ¢Ìt tÃ´Ìt, vÆ°Ì€a tay, nhaÌ£y, sÆ°Ì‰ duÌ£ng cho lÆ°Æ¡Ìt wed, marst tivi, giaÌ reÌ‰, baÌ‰o haÌ€nh chu Ä‘aÌo"
Chuá»™t KhÃ´ng dÃ¢y Zadez M356,150.000â‚«,"Chuá»™t sÃ i ráº¥t sÆ°á»›ng tay, cáº§m cháº¯c cháº¯n, báº£o hÃ nh ráº¥t ok. nhÃ¢n viÃªn vui váº» láº¯m, cáº£m Æ¡n Ä‘iá»‡n mÃ¡y xanh"
Chuá»™t KhÃ´ng dÃ¢y Zadez M356,150.000â‚«,"Chuá»™t xÃ i ráº¥t tá»‘t, lÆ°á»›t web nhanh vÃ  láº¹ ngá»“i xa váº«n dÃ¹ng Ä‘Æ°á»£c khÃ´ng cáº§n pháº£i gÃµ trÃªn lop top ráº¥t tiá»‡n lá»£i tÃ´i ráº¥t hÃ i lÃ²ng cáº£m Æ¡n Ä‘iá»‡n mÃ¡y xanh Ä‘Ã£ cung cáº¥p sáº£n pháº©m ráº¥t tá»‘t"
Chuá»™t KhÃ´ng dÃ¢y Zadez M356,150.000â‚«,"mÃ¬nh mua chuá»™t nÃ y cÅ©ng khÃ¡ lÃ¢u, tá»›i giá» chÆ°a hÆ° há»ng, dÃ¹ng khÃ¡ tá»‘t vÃ  bá»n. ráº¥t Æ°ng Ã½"
Chuá»™t KhÃ´ng dÃ¢y Zadez M356,150.000â‚«,"Chuá»™t xÃ i ráº¥t tá»‘t, lÆ°á»›t web nhanh vÃ  láº¹ ngá»“i xa váº«n dÃ¹ng Ä‘Æ°á»£c khÃ´ng cáº§n pháº£i gÃµ trÃªn lop top ráº¥t tiá»‡n lá»£i tÃ´i ráº¥t hÃ i lÃ²ng cáº£m Æ¡n Ä‘iá»‡n mÃ¡y xanh Ä‘Ã£ cung cáº¥p sáº£n pháº©m ráº¥t tá»‘t"
Chuá»™t KhÃ´ng dÃ¢y Zadez M356,150.000â‚«,"Sáº£n pháº©m Æ°ng Ã½, phÃ¹ há»£p vá»›i ngÆ°á»i dÃ¹ng mÃ¡y tÃ­nh, SP cháº¥t lÆ°á»£ng dÃ¹ng tá»‘t , chÃ­nh sÃ¡ch báº£o hÃ nh tá»‘t, nhÃ¢n viÃªn phá»¥c vá»¥ vui váº»"
Chuá»™t KhÃ´ng dÃ¢y Zadez M356,150.000â‚«,"chuá»™t dÃ¹ng nháº¡y, thÃ­ch, ráº¥t hÃ i lÃ²ng vá»›i cÃ¡ch phá»¥c vá»¥, vs chÃ­nh sÃ¡ch báº£o hÃ nh cá»§a TGDD. tuyá»‡t vá»i"
Chuá»™t KhÃ´ng dÃ¢y Zadez M356,150.000â‚«,"Sáº£n pháº©m tá»‘t, kiá»ƒu dÃ¡ng gá»n cáº§m vá»«a tay, chuá»™t ráº¥t nháº¡y, Ä‘ang giáº£m giÃ¡ cÃ²n 150 ngÃ n, báº£o hÃ nh 1 Ä‘á»•i 1, ráº¥t Ä‘Ã¡ng mua, hÃ i lÃ²ng vá»›i sáº£n pháº©m"
Chuá»™t KhÃ´ng dÃ¢y Zadez M356,150.000â‚«,"Sáº£n pháº©m Æ°ng Ã½, phÃ¹ há»£p vá»›i ngÆ°á»i dÃ¹ng mÃ¡y tÃ­nh, SP cháº¥t lÆ°á»£ng dÃ¹ng tá»‘t , chÃ­nh sÃ¡ch báº£o hÃ nh tá»‘t, nhÃ¢n viÃªn phá»¥c vá»¥ vui váº»"
Chuá»™t KhÃ´ng dÃ¢y Zadez M356,150.000â‚«,"Sáº£n pháº©m Æ°ng Ã½, phÃ¹ há»£p vá»›i ngÆ°á»i dÃ¹ng mÃ¡y tÃ­nh, SP cháº¥t lÆ°á»£ng dÃ¹ng tá»‘t , chÃ­nh sÃ¡ch báº£o hÃ nh tá»‘t, nhÃ¢n viÃªn phá»¥c vá»¥ vui váº»"
Chuá»™t KhÃ´ng dÃ¢y Zadez M356,150.000â‚«,"sáº£n pháº©m ráº¥t vá»«a Ã½, giÃ¡ thÃ nh phÃ¹ há»£p, cháº¥t lÆ°á»£ng tá»‘t, chÃ­nh sÃ¡ch báº£o hÃ nh Ä‘á»•i tráº£ ráº¥t tá»‘t, nhÃ¢n viÃªn phá»¥c vá»¥ nhiá»‡t tÃ¬nh, vui váº»"
Chuá»™t KhÃ´ng dÃ¢y Zadez M356,150.000â‚«,"kiá»ƒu dÃ¡ng nhá» gá»n, phÃ¹ há»£p vá»›i nhiá»u kÃ­ch cá»¡ bÃ n tay khÃ¡c nhau, tiáº¿p xÃºc tá»‘t vá»›i nhiá»u bá» máº·t khÃ¡c nhau"
Chuá»™t KhÃ´ng dÃ¢y Zadez M356,150.000â‚«,"Sáº£n pháº©m nhá» gá»n vá»«a tay cáº§m cáº¥t trong balo ráº¥t dá»…, phÃ­m báº¥m Ä‘á»™ náº£y tá»‘t, cÃ¡c thao tÃ¡c ráº¥t á»•n"
Chuá»™t KhÃ´ng dÃ¢y Zadez M356,150.000â‚«,"xÃ i ráº¥t nháº¡y, Ãªm, bá»n, vá»«a tay cáº§m, báº£o hÃ nh tá»‘t, thiáº¿t káº¿ nhá» gá»n, cÃ³ thá»ƒ mang theo khi ra Ä‘Æ°á»ng, tuyá»‡t vá»i láº¯m"
Chuá»™t KhÃ´ng dÃ¢y Zadez M356,150.000â‚«,"chuá»™t sá»­ dá»¥ng bá»n, nháº¡y, cáº§m vá»«a tay, mÃ u sáº¯c Ä‘áº¹p, dÃ¹ng vá»›i mÃ¡y tÃ¬nh bÃ n ráº¥t há»£p lÃ½, chÃ­nh sÃ¡ch báº£o hÃ nh láº¡i má»™t Ä‘á»•i má»™t , quÃ¡ hÃ i lÃ²ng luÃ´n"
Chuá»™t KhÃ´ng dÃ¢y Zadez M356,150.000â‚«,"chuá»™t sá»­ dá»¥ng ráº¥t bá»n luÃ´n, tiá»‡n dá»¥ng, káº¿t ná»‘i ráº¥t á»•n Ä‘á»‹nh,mÃ¬nh mua Ä‘á»ƒ sá»­ dá»¥ng cho tivi vÃ  cáº£m tháº¥y ráº¥t hÃ i lÃ²ng vá» sáº£n pháº©m"
Chuá»™t KhÃ´ng dÃ¢y Zadez M356,150.000â‚«,"Chuá»™t xÃ i bá»n Ãªm Ä‘áº¹p vÃ  nháº¡y, dÃ¹ng ráº¥t tá»‘t, chÆ°a báº£o hÃ nh bao giá», tÆ° váº¥n vui váº», phá»¥c vá»¥ ok, hÃ i lÃ²ng 5 sao"
Chuá»™t KhÃ´ng dÃ¢y Zadez M356,150.000â‚«,"HÃ i lÃ²ng vá»›i sáº£n pháº©m, giÃ¡ ok, cháº¥t lÆ°á»£ng tuyá»‡t vá»i. PhÃ¹ há»£p vá»›i cáº£ macbook vÃ  laptop cÃ¡c dÃ²ng khÃ¡c. ThÆ¡i lÆ°á»£ng pin sá»­ dá»¥ng khÃ¡ áº¥n tÆ°á»£ng"
Chuá»™t KhÃ´ng dÃ¢y Zadez M356,150.000â‚«,"chuá»™t nháº¡y, di chuyá»ƒn tá»‘t, mÃ u sáº¯c Ä‘áº¹p kiá»ƒu dÃ¡ng gá»n nháº¹ . chÃ­nh sÃ¡ch báº£o hÃ nh tá»‘t ."
Chuá»™t KhÃ´ng dÃ¢y Zadez M356,150.000â‚«,"Chuá»™t nhá» gá»n,mÃ u sáº¯c Ä‘áº¹p. dá»… dÃ ng sá»¯ dá»¥ng, dÃ¢y dÃ i nÃªn cÃ³ thá»ƒ Ä‘á»… xa khá»i laptop hoáº·c mÃ¡y tÃ­nh. tá»‘c Ä‘á»™ chuá»™t á»•n Ä‘á»‹nh nÃªn cÃ³ thá»ƒ sá»¯ dá»¥ng Ä‘á»ƒ chÆ¡i game"
Chuá»™t KhÃ´ng dÃ¢y Zadez M356,150.000â‚«,"Chuá»™t nhá» gá»n,mÃ u sáº¯c Ä‘áº¹p. dá»… dÃ ng sá»¯ dá»¥ng, dÃ¢y dÃ i nÃªn cÃ³ thá»ƒ Ä‘á»… xa khá»i laptop hoáº·c mÃ¡y tÃ­nh. tá»‘c Ä‘á»™ chuá»™t á»•n Ä‘á»‹nh nÃªn cÃ³ thá»ƒ sá»¯ dá»¥ng Ä‘á»ƒ chÆ¡i game"
Chuá»™t KhÃ´ng dÃ¢y Zadez M356,150.000â‚«,"Chuá»™t m356 nÃ y xÃ i nháº¡y, giÃ¡ ráº» phÃ¹ há»£p tÃºi tiá»n sinh viÃªn , báº£o hÃ nh 1 Ä‘á»•i 1 trong 1 nÄƒm quÃ¡ ok"
Chuá»™t KhÃ´ng dÃ¢y Zadez M356,150.000â‚«,"Chuá»™t khÃ´ng dÃ¢y ráº¥t nháº¡y, dÃ¹ng ok, 1 nÄƒm khÃ´ng lo há»ng hÃ³c vÃ¬ Ä‘Æ°á»£c Ä‘á»•i má»›i."
Chuá»™t KhÃ´ng dÃ¢y Zadez M356,150.000â‚«,"Chuá»™t khÃ´ng dÃ¢y Zadez M356 xÃ i ráº¥t tá»‘t, lÆ°á»›t Ãªm, mÃ u sáº¯c Ä‘áº¹p, báº£o hÃ nh tá»‘t, tÃ´i ráº¥t hÃ i lÃ²ng, giÃ¡ cáº£ há»£p lÃ­"
Chuá»™t KhÃ´ng dÃ¢y Zadez M356,150.000â‚«,"GiÃ¡ tá»‘t, cháº¿ Ä‘á»™ báº£o hÃ nh tiá»‡n lá»£i, xÃ i ngon, cháº¥t lÆ°á»£ng sáº£n pháº©m tuyá»‡t vá»i."
Chuá»™t KhÃ´ng dÃ¢y Zadez M356,150.000â‚«,"GiÃ¡ thÃ nh há»£p lÃ½, cháº¿ Ä‘á»™ báº£o hÃ nh ráº¥t tá»‘t, Ã­t hao pin dÃ¹ng pin Ä‘Æ°á»£c ráº¥t lÃ¢u, lÆ°á»›t ráº¥t mÆ°á»£t, sáº£n pháº©m tiá»‡n lá»£i Ä‘em theo bÃªn mÃ¬nh. Ráº¥t tá»‘t"
Chuá»™t KhÃ´ng dÃ¢y Zadez M356,150.000â‚«,"Chuá»™t xÃ i bá»n, sá»­ dá»¥ng lÃ¢u khÃ´ng cÃ³ gÃ¬ phÃ¡t sinh, chÃ­nh sÃ¡ch báº£o hÃ nh ráº¥t ok."
Chuá»™t KhÃ´ng dÃ¢y Zadez M356,150.000â‚«,"Vá» thiáº¿t thÃ¬ cÃ³ 2 mÃ u cho báº¡n lá»±a chá»n, Ä‘á»™ nháº¡y ráº¥t cao, cÃ³ thá»ƒ di trÃªn Ä‘a sá»‘ bá» máº·t, cáº§m ráº¥t cháº¯c tay, gá»n nháº¹, xÃ i ráº¥t tá»‘t"
Chuá»™t KhÃ´ng dÃ¢y Zadez M356,150.000â‚«,"giÃ¡ thÃ nh há»£p lÃ½, dÃ¹ng ráº¥t bá»n, cháº¿ Ä‘á»™ báº£o hÃ nh ráº¥t tá»‘t, Ã­t hao pin dÃ¹ng pin Ä‘Æ°á»£c ráº¥t lÃ¢u máº·c dÃ¹ toÃ n quÃªn táº¯t chuá»™t khi khá»“ng dÃ¹ng Ä‘áº¿n"
Chuá»™t KhÃ´ng dÃ¢y Zadez M356,150.000â‚«,"Sáº£n pháº©m Ä‘áº¹p, cáº§m vá»«a tay, khÃ¡ bá»n, an tÃ¢m vá»›i chÃ­nh sÃ¡ch báº£o hÃ nh 1 nÄƒm 1 Ä‘á»•i. Cáº£m Æ¡n ÄMX"
Chuá»™t KhÃ´ng dÃ¢y Zadez M356,150.000â‚«,"Chuá»™t cáº§m náº¯m vá»«a tay, thiáº¿t káº¿ Ä‘áº¹p, bá»n, chuá»™t Ã­t bá»‹ Äƒn pin do cÃ³ cháº¿ Ä‘á»™ tá»± ngáº¯t khi khÃ´ng hoáº¡t Ä‘á»™ng."
Chuá»™t KhÃ´ng dÃ¢y Zadez M356,150.000â‚«,"Sáº£n pháº©m cho cáº£m giÃ¡c cáº§m náº¯m tá»‘t, thiáº¿t káº¿ Ä‘áº¹p, xÃ i Ã­t hao pin, tÆ°Æ¡ng thÃ­ch tá»‘t cho tivi cá»§a LG SJ800."
Chuá»™t KhÃ´ng dÃ¢y Zadez M356,150.000â‚«,"Chuá»™t dÃ¹ng tá»‘t, ráº¥t á»•n Ä‘á»‹nh, cáº£m giÃ¡c cáº§m vá»«a tay, bá»n pin dÃ¹ng Ä‘Æ°á»£c ráº¥t lÃ¢u.NhÆ°á»£c Ä‘iá»ƒm sá»­ dá»¥ng cháº¡y trÃªn máº·t kÃ­nh khÃ´ng Ä‘Æ°á»£c."
Chuá»™t KhÃ´ng dÃ¢y Zadez M356,150.000â‚«,"chuá»™t Ä‘áº¹p, sang, sá»­ dá»¥ng nháº¡y, báº¯t sÃ³ng tá»‘t, mua dÃ¹ng kÃ¨m tivi khÃ´ng cÃ³ remote thÃ´ng minh quÃ¡ á»•n."
Chuá»™t KhÃ´ng dÃ¢y Zadez M356,150.000â‚«,"Sau khi sá»­ dá»¥ng qua má»™t thá»i gia cÃ¡ nhÃ¢n tÃ´i cÃ³ nhÃ¢n xÃ©t: sáº£n pháº©m ráº¥t tá»‘t, máº«u Ä‘áº¹p tiá»‡n lá»£i, sá»­ dá»¥ng Ãªm Ã¡i giÃ¡ thÃ nh láº¡i há»£p lÃ­."
Chuá»™t KhÃ´ng dÃ¢y Zadez M356,150.000â‚«,"Máº«u mÃ£ nhÃ¬n ráº¥t Æ°ng máº¥t, nhá» gá»n. Vá»«a tay khi sá»­ dá»¥ng. HÃ i lÃ²ng khi mua sáº£n pháº©m nÃ y"
Chuá»™t KhÃ´ng dÃ¢y Zadez M356,150.000â‚«,"Sáº£n pháº©m Ä‘áº¹p, cháº¡y mÆ°á»£t kiá»ƒu dÃ¡ng Ä‘áº¹p máº¯t, nhá» gá»n dá»… sá»­ dá»¥ng giÃ¡ cáº£ há»£p lÃ½ Ä‘á»™ bá»n tá»‘t."
Chuá»™t KhÃ´ng dÃ¢y Zadez M356,150.000â‚«,Sáº£n pháº©m dÃ¹ng ráº¥t ok. DÃ¹ng bá»n láº¡i cÃ²n lÃ¢u háº¿t pin. Thiáº¿t káº¿ cáº§m vá»«a tay. CÃ³ nÃºt on off khi khÃ´ng dÃ¹ng cÃ³ thá»ƒ táº¯t Ä‘i ráº¥t tiáº¿t kiá»‡m pin.
Chuá»™t KhÃ´ng dÃ¢y Zadez M356,150.000â‚«,"Chuá»™t sá»­ dá»¥ng bá»n, mÃ u Ä‘en khÃ´ng bá»‹ dÆ¡, lÆ°á»›t ráº¥t mÆ°á»£t, sáº£n pháº©m tiá»‡n lá»£i Ä‘em theo bÃªn mÃ¬nh. Ráº¥t tá»‘t"
Chuá»™t KhÃ´ng dÃ¢y Zadez M356,150.000â‚«,"Má»›i sá»­ dá»¥ng Ä‘Æ°á»£c 2 ngÃ y. NÃ³i chung chuá»™t ráº¥t nháº¡y, thiáº¿t káº¿ Ä‘áº¹p, phug há»£p vá»›i giÃ¡ tiá»n"
Chuá»™t KhÃ´ng dÃ¢y Zadez M356,150.000â‚«,
Chuá»™t KhÃ´ng dÃ¢y Zadez M356,150.000â‚«,
Chuá»™t KhÃ´ng dÃ¢y Zadez M356,150.000â‚«,
Chuá»™t KhÃ´ng dÃ¢y Zadez M356,150.000â‚«,
Chuá»™t KhÃ´ng dÃ¢y Zadez M356,150.000â‚«,
Chuá»™t KhÃ´ng dÃ¢y Zadez M356,150.000â‚«,
Chuá»™t KhÃ´ng dÃ¢y Zadez M356,150.000â‚«,
Chuá»™t KhÃ´ng dÃ¢y Zadez M356,150.000â‚«,
Chuá»™t KhÃ´ng dÃ¢y Zadez M356,150.000â‚«,
Chuá»™t KhÃ´ng dÃ¢y Zadez M356,150.000â‚«,
Chuá»™t KhÃ´ng dÃ¢y Zadez M356,150.000â‚«,
Chuá»™t KhÃ´ng dÃ¢y Zadez M356,150.000â‚«,
Chuá»™t KhÃ´ng dÃ¢y Zadez M356,150.000â‚«,
Chuá»™t KhÃ´ng dÃ¢y Zadez M356,150.000â‚«,"chuá»™t Ä‘áº¹p, sang, sá»­ dá»¥ng nháº¡y, báº¯t sÃ³ng tá»‘t, mua dÃ¹ng kÃ¨m tivi khÃ´ng cÃ³ remote thÃ´ng minh quÃ¡ á»•n."
Chuá»™t KhÃ´ng dÃ¢y Zadez M356,150.000â‚«,"Sau khi sá»­ dá»¥ng qua má»™t thá»i gia cÃ¡ nhÃ¢n tÃ´i cÃ³ nhÃ¢n xÃ©t: sáº£n pháº©m ráº¥t tá»‘t, máº«u Ä‘áº¹p tiá»‡n lá»£i, sá»­ dá»¥ng Ãªm Ã¡i giÃ¡ thÃ nh láº¡i há»£p lÃ­."
Chuá»™t KhÃ´ng dÃ¢y Zadez M356,150.000â‚«,"Máº«u mÃ£ nhÃ¬n ráº¥t Æ°ng máº¥t, nhá» gá»n. Vá»«a tay khi sá»­ dá»¥ng. HÃ i lÃ²ng khi mua sáº£n pháº©m nÃ y"
Chuá»™t KhÃ´ng dÃ¢y Zadez M356,150.000â‚«,"Sáº£n pháº©m Ä‘áº¹p, cháº¡y mÆ°á»£t kiá»ƒu dÃ¡ng Ä‘áº¹p máº¯t, nhá» gá»n dá»… sá»­ dá»¥ng giÃ¡ cáº£ há»£p lÃ½ Ä‘á»™ bá»n tá»‘t."
Chuá»™t KhÃ´ng dÃ¢y Zadez M356,150.000â‚«,Sáº£n pháº©m dÃ¹ng ráº¥t ok. DÃ¹ng bá»n láº¡i cÃ²n lÃ¢u háº¿t pin. Thiáº¿t káº¿ cáº§m vá»«a tay. CÃ³ nÃºt on off khi khÃ´ng dÃ¹ng cÃ³ thá»ƒ táº¯t Ä‘i ráº¥t tiáº¿t kiá»‡m pin.
Chuá»™t KhÃ´ng dÃ¢y Zadez M356,150.000â‚«,"Chuá»™t sá»­ dá»¥ng bá»n, mÃ u Ä‘en khÃ´ng bá»‹ dÆ¡, lÆ°á»›t ráº¥t mÆ°á»£t, sáº£n pháº©m tiá»‡n lá»£i Ä‘em theo bÃªn mÃ¬nh. Ráº¥t tá»‘t"
Chuá»™t KhÃ´ng dÃ¢y Zadez M356,150.000â‚«,"Má»›i sá»­ dá»¥ng Ä‘Æ°á»£c 2 ngÃ y. NÃ³i chung chuá»™t ráº¥t nháº¡y, thiáº¿t káº¿ Ä‘áº¹p, phug há»£p vá»›i giÃ¡ tiá»n"
Chuá»™t KhÃ´ng dÃ¢y Zadez M356,150.000â‚«,
Chuá»™t KhÃ´ng dÃ¢y Zadez M356,150.000â‚«,
Chuá»™t KhÃ´ng dÃ¢y Zadez M356,150.000â‚«,
Chuá»™t KhÃ´ng dÃ¢y Zadez M356,150.000â‚«,
Chuá»™t KhÃ´ng dÃ¢y Zadez M356,150.000â‚«,
Chuá»™t KhÃ´ng dÃ¢y Zadez M356,150.000â‚«,
Chuá»™t KhÃ´ng dÃ¢y Zadez M356,150.000â‚«,
Chuá»™t KhÃ´ng dÃ¢y Zadez M356,150.000â‚«,
Chuá»™t KhÃ´ng dÃ¢y Zadez M356,150.000â‚«,
Chuá»™t KhÃ´ng dÃ¢y Zadez M356,150.000â‚«,
Chuá»™t KhÃ´ng dÃ¢y Zadez M356,150.000â‚«,
Chuá»™t KhÃ´ng dÃ¢y Zadez M356,150.000â‚«,
Chuá»™t KhÃ´ng dÃ¢y Zadez M356,150.000â‚«,
Chuá»™t KhÃ´ng dÃ¢y Zadez M356,150.000â‚«,
Chuá»™t KhÃ´ng dÃ¢y Zadez M356,150.000â‚«,
Chuá»™t KhÃ´ng dÃ¢y Zadez M356,150.000â‚«,
Chuá»™t KhÃ´ng dÃ¢y Zadez M356,150.000â‚«,
Chuá»™t KhÃ´ng dÃ¢y Zadez M356,150.000â‚«,
Chuá»™t KhÃ´ng dÃ¢y Zadez M356,150.000â‚«,
Chuá»™t KhÃ´ng dÃ¢y Zadez M356,150.000â‚«,
Chuá»™t KhÃ´ng dÃ¢y Zadez M356,150.000â‚«,
Chuá»™t KhÃ´ng dÃ¢y Zadez M356,150.000â‚«,
Chuá»™t KhÃ´ng dÃ¢y Zadez M356,150.000â‚«,
Chuá»™t KhÃ´ng dÃ¢y Zadez M356,150.000â‚«,
Chuá»™t KhÃ´ng dÃ¢y Zadez M356,150.000â‚«,
Chuá»™t KhÃ´ng dÃ¢y Zadez M356,150.000â‚«,
Chuá»™t KhÃ´ng dÃ¢y Zadez M356,150.000â‚«,
Chuá»™t KhÃ´ng dÃ¢y Zadez M356,150.000â‚«,
Chuá»™t KhÃ´ng dÃ¢y Zadez M356,150.000â‚«,
Chuá»™t KhÃ´ng dÃ¢y Zadez M356,150.000â‚«,
Chuá»™t KhÃ´ng dÃ¢y Zadez M356,150.000â‚«,
Chuá»™t KhÃ´ng dÃ¢y Zadez M356,150.000â‚«,
Chuá»™t KhÃ´ng dÃ¢y Zadez M356,150.000â‚«,
Chuá»™t KhÃ´ng dÃ¢y Zadez M356,150.000â‚«,
Chuá»™t KhÃ´ng dÃ¢y Zadez M356,150.000â‚«,
Chuá»™t KhÃ´ng dÃ¢y Zadez M356,150.000â‚«,
Chuá»™t KhÃ´ng dÃ¢y Zadez M356,150.000â‚«,
Chuá»™t KhÃ´ng dÃ¢y Zadez M356,150.000â‚«,
Chuá»™t KhÃ´ng dÃ¢y Zadez M356,150.000â‚«,
Chuá»™t KhÃ´ng dÃ¢y Zadez M356,150.000â‚«,
Chuá»™t KhÃ´ng dÃ¢y Zadez M356,150.000â‚«,
Chuá»™t KhÃ´ng dÃ¢y Zadez M356,150.000â‚«,
Chuá»™t KhÃ´ng dÃ¢y Zadez M356,150.000â‚«,
Chuá»™t KhÃ´ng dÃ¢y Zadez M356,150.000â‚«,
Chuá»™t KhÃ´ng dÃ¢y Zadez M356,150.000â‚«,
Chuá»™t KhÃ´ng dÃ¢y Zadez M356,150.000â‚«,
Chuá»™t KhÃ´ng dÃ¢y Zadez M356,150.000â‚«,
Chuá»™t KhÃ´ng dÃ¢y Zadez M356,150.000â‚«,
Chuá»™t KhÃ´ng dÃ¢y Genius NX 7005,150.000â‚«,"kh hiá»ƒu sao laptop bÃ¡o nháº­n chuá»™t, pin chuá»™t cÃ²n nhÆ°ng kh dÃ¹ng Ä‘c"
Chuá»™t KhÃ´ng dÃ¢y Genius NX 7005,150.000â‚«,Chuá»™t dÃ¹ng Ä‘Æ°á»£c 12 ngÃ y thÃ¬ khÃ´ng dÃ¹ng Ä‘Æ°á»£c ná»¯a. Máº·c dÃ¹ mÃ¬nh mua chuá»™t cÅ© vÃ¬ nÃ³ ráº» nhÆ°ng mÃ¬nh Ä‘Ã¡nh giÃ¡ máº«u chuá»™t nÃ y cháº¥t lÆ°á»£ng khÃ´ng tá»‘t láº¯m. Cáº£ 3 con chuá»™t mÃ¬nh mua máº«u nÃ y cá»§a Genius Ä‘á»u bá»‹ hÆ° ráº¥t nhanh
Chuá»™t KhÃ´ng dÃ¢y Genius NX 7005,150.000â‚«,Sp tá»‘t
Chuá»™t KhÃ´ng dÃ¢y Genius NX 7005,150.000â‚«,Tuyá»‡t
Chuá»™t KhÃ´ng dÃ¢y Genius NX 7005,150.000â‚«,Tuyá»‡t vá»i
Chuá»™t KhÃ´ng dÃ¢y Genius NX 7005,150.000â‚«,"DÃ¹ng mÆ°á»£t, vá»«a tay"
Chuá»™t KhÃ´ng dÃ¢y Genius NX 7005,150.000â‚«,Ok
Chuá»™t KhÃ´ng dÃ¢y Genius NX 7005,150.000â‚«,Chuá»™t ráº¥t tá»‘t áº¡
Chuá»™t KhÃ´ng dÃ¢y Genius NX 7005,150.000â‚«,NÃºt cÃ´ng táº¯c gáº¡t qua vá» khÃ¡ báº¥t tiá»‡n. chuá»™t hay dá»«ng vÃ¬ bá»‹ lá»ng pháº£i chá»‰nh gáº¡t cÃ´ng táº¯c thÆ°á»ng xuyÃªn.
Chuá»™t KhÃ´ng dÃ¢y Genius NX 7005,150.000â‚«,Sáº£n pháº©m tá»‘t!
Chuá»™t KhÃ´ng dÃ¢y Genius NX 7005,150.000â‚«,DÃ¹ng Ãªm vÃ  mÆ°á»£t
Chuá»™t KhÃ´ng dÃ¢y Genius NX 7005,150.000â‚«,tá»‘t
Chuá»™t KhÃ´ng dÃ¢y Genius NX 7005,150.000â‚«,dá»‹ch vá»¥ bÃ¬nh thÆ°á»ng
Chuá»™t KhÃ´ng dÃ¢y Genius NX 7005,150.000â‚«,Tá»‘t
Chuá»™t KhÃ´ng dÃ¢y Genius NX 7005,150.000â‚«,Vá»›i táº§m giÃ¡ nÃ y thÃ¬ OK
Chuá»™t KhÃ´ng dÃ¢y Genius NX 7005,150.000â‚«,tá»‘t<br><br>
Chuá»™t KhÃ´ng dÃ¢y Genius NX 7005,150.000â‚«,"TÃ”I MUA 1 CHUÃ”T KHÃ”NG DÃ‚Y GENIUS Táº I TGDD IMEI X1G xxxx6804692 SAU 1 THá»œI GIAN Sá»¬ Dá»¤NG THÃŒ ÄÃNH GIÃ , CHUá»˜T KÃ‰M CHáº¤T LÆ¯á»¢NG HAY Lá»–I ÄÃƒ Báº¢O HÃ€NH Äá»”I 1 Láº¦N NHÆ¯NG VáºªN Bá»Š Lá»–I ,"
Chuá»™t KhÃ´ng dÃ¢y Genius NX 7005,150.000â‚«,dÃ¹ng tá»‘t
Chuá»™t KhÃ´ng dÃ¢y Genius NX 7005,150.000â‚«,á»”n
Chuá»™t KhÃ´ng dÃ¢y Genius NX 7005,150.000â‚«,Okokok
Chuá»™t KhÃ´ng dÃ¢y Genius NX 7005,150.000â‚«,Tá»‘t
Chuá»™t KhÃ´ng dÃ¢y Genius NX 7005,150.000â‚«,4.5 *****
Chuá»™t KhÃ´ng dÃ¢y Genius NX 7005,150.000â‚«,tá»‘t
Chuá»™t KhÃ´ng dÃ¢y Genius NX 7005,150.000â‚«,táº¡m á»•n
Chuá»™t KhÃ´ng dÃ¢y Genius NX 7005,150.000â‚«,Stable and reliable quality
Chuá»™t KhÃ´ng dÃ¢y Genius NX 7005,150.000â‚«,chuá»™t hoáº¡t Ä‘á»™ng tá»‘t
Chuá»™t KhÃ´ng dÃ¢y Genius NX 7005,150.000â‚«,NgÃ y 26/07/2021 mÃ¬nh cÃ³ Ä‘áº·t mua Chuá»™t khÃ´ng dÃ¢y Genius NX 7005 Äen. Hiá»‡n táº¡i chuá»™t khÃ´ng sá»­ dá»¥ng Ä‘Æ°á»£c ná»¯a. Xin há»i cÃ²n thá»i gian báº£o hÃ nh khÃ´ng? Náº¿u báº£o hÃ nh thÃ¬ mÃ¬nh cÃ³ thá»ƒ Ä‘áº¿n cá»­a hÃ ng á»Ÿ Báº¿n Tre Ä‘Æ°á»£c khÃ´ng vÃ¬ lÃºc mua á»Ÿ BÃ¬nh DÆ°Æ¡ng. Cáº£m Æ¡n!
Chuá»™t KhÃ´ng dÃ¢y Genius NX 7005,150.000â‚«,"chuá»™t ráº¥t hay bá»‹ máº¥t káº¿t ná»‘i, cáº£m giÃ¡c dÃ¹ng khÃ´ng thoáº£i mÃ¡i chÃºt nÃ o"
Chuá»™t KhÃ´ng dÃ¢y Genius NX 7005,150.000â‚«,Sáº£n pháº©m dÃ¹ng ráº¥t oke
Chuá»™t KhÃ´ng dÃ¢y Genius NX 7005,150.000â‚«,"vá»«a má»›i mua mÃ  thiáº¿u Ä‘áº§u thu bluetooth, ko quay láº¡i lÃºc má»Ÿ ko biáº¿t tgÄ‘d xá»­ lÃ½ ntn"
Chuá»™t KhÃ´ng dÃ¢y Genius NX 7005,150.000â‚«,Nháº¡y dá»… dÃ¹ng.
Chuá»™t KhÃ´ng dÃ¢y Genius NX 7005,150.000â‚«,"TrÆ°á»›c cÅ©ng cÃ³ 1 con nhÆ° váº§y xÃ i 1 nÄƒm rÆ°á»¡i thÃ¬ loáº¡n Ä‘k nhÆ°ng vs 180K thÃ¬ nhÆ° váº­y lÃ  cá»±c ká»³ tá»‘t rá»“i, k cÃ³ máº¥t káº¿t ná»‘i khi xÃ i, xÃ i cho macbook mÆ°á»£t k giáº­t nhÆ° máº¥y con microsoft 3 trÄƒm máº¥y."
Chuá»™t KhÃ´ng dÃ¢y Genius NX 7005,150.000â‚«,con chuá»™t trÆ°á»›c xÃ i cÅ©ng hÆ¡n 1 nÄƒm rá»“i loáº¡n cÅ©ng khÃ´ng mong quÃ¡ nhiá»u nhÆ°ng mÃ  chuá»™t giÃ¡ ráº» thÃ¬ nhÆ° váº­y lÃ  quÃ¡ tá»‘t má»›i Ä‘áº·t thÃªm 1 con chuá»™t ná»¯a máº·c dÃ¹ dá»‹ch bá»‡nh nhÆ°ng váº«n giao Ä‘Ãºng giá» vÃ  ráº¥t thÃ¢n thiá»‡n
Chuá»™t KhÃ´ng dÃ¢y Genius NX 7005,150.000â‚«,
Chuá»™t KhÃ´ng dÃ¢y Genius NX 7005,150.000â‚«,
Chuá»™t KhÃ´ng dÃ¢y Genius NX 7005,150.000â‚«,
Chuá»™t KhÃ´ng dÃ¢y Genius NX 7005,150.000â‚«,
Chuá»™t KhÃ´ng dÃ¢y Genius NX 7005,150.000â‚«,
Chuá»™t KhÃ´ng dÃ¢y Genius NX 7005,150.000â‚«,
Chuá»™t KhÃ´ng dÃ¢y Genius NX 7005,150.000â‚«,
Chuá»™t KhÃ´ng dÃ¢y Genius NX 7005,150.000â‚«,
Chuá»™t KhÃ´ng dÃ¢y Genius NX 7005,150.000â‚«,
Chuá»™t KhÃ´ng dÃ¢y Genius NX 7005,150.000â‚«,
Chuá»™t KhÃ´ng dÃ¢y Genius NX 7005,150.000â‚«,
Chuá»™t KhÃ´ng dÃ¢y Genius NX 7005,150.000â‚«,
Chuá»™t KhÃ´ng dÃ¢y Genius NX 7005,150.000â‚«,
Chuá»™t KhÃ´ng dÃ¢y Genius NX 7005,150.000â‚«,
Chuá»™t KhÃ´ng dÃ¢y Genius NX 7005,150.000â‚«,Tá»‘t
Chuá»™t KhÃ´ng dÃ¢y Genius NX 7005,150.000â‚«,4.5 *****
Chuá»™t KhÃ´ng dÃ¢y Genius NX 7005,150.000â‚«,tá»‘t
Chuá»™t KhÃ´ng dÃ¢y Genius NX 7005,150.000â‚«,táº¡m á»•n
Chuá»™t KhÃ´ng dÃ¢y Genius NX 7005,150.000â‚«,Stable and reliable quality
Chuá»™t KhÃ´ng dÃ¢y Genius NX 7005,150.000â‚«,chuá»™t hoáº¡t Ä‘á»™ng tá»‘t
Chuá»™t KhÃ´ng dÃ¢y Genius NX 7005,150.000â‚«,NgÃ y 26/07/2021 mÃ¬nh cÃ³ Ä‘áº·t mua Chuá»™t khÃ´ng dÃ¢y Genius NX 7005 Äen. Hiá»‡n táº¡i chuá»™t khÃ´ng sá»­ dá»¥ng Ä‘Æ°á»£c ná»¯a. Xin há»i cÃ²n thá»i gian báº£o hÃ nh khÃ´ng? Náº¿u báº£o hÃ nh thÃ¬ mÃ¬nh cÃ³ thá»ƒ Ä‘áº¿n cá»­a hÃ ng á»Ÿ Báº¿n Tre Ä‘Æ°á»£c khÃ´ng vÃ¬ lÃºc mua á»Ÿ BÃ¬nh DÆ°Æ¡ng. Cáº£m Æ¡n!
Chuá»™t KhÃ´ng dÃ¢y Genius NX 7005,150.000â‚«,"chuá»™t ráº¥t hay bá»‹ máº¥t káº¿t ná»‘i, cáº£m giÃ¡c dÃ¹ng khÃ´ng thoáº£i mÃ¡i chÃºt nÃ o"
Chuá»™t KhÃ´ng dÃ¢y Genius NX 7005,150.000â‚«,Sáº£n pháº©m dÃ¹ng ráº¥t oke
Chuá»™t KhÃ´ng dÃ¢y Genius NX 7005,150.000â‚«,"vá»«a má»›i mua mÃ  thiáº¿u Ä‘áº§u thu bluetooth, ko quay láº¡i lÃºc má»Ÿ ko biáº¿t tgÄ‘d xá»­ lÃ½ ntn"
Chuá»™t KhÃ´ng dÃ¢y Genius NX 7005,150.000â‚«,Nháº¡y dá»… dÃ¹ng.
Chuá»™t KhÃ´ng dÃ¢y Genius NX 7005,150.000â‚«,"TrÆ°á»›c cÅ©ng cÃ³ 1 con nhÆ° váº§y xÃ i 1 nÄƒm rÆ°á»¡i thÃ¬ loáº¡n Ä‘k nhÆ°ng vs 180K thÃ¬ nhÆ° váº­y lÃ  cá»±c ká»³ tá»‘t rá»“i, k cÃ³ máº¥t káº¿t ná»‘i khi xÃ i, xÃ i cho macbook mÆ°á»£t k giáº­t nhÆ° máº¥y con microsoft 3 trÄƒm máº¥y."
Chuá»™t KhÃ´ng dÃ¢y Genius NX 7005,150.000â‚«,con chuá»™t trÆ°á»›c xÃ i cÅ©ng hÆ¡n 1 nÄƒm rá»“i loáº¡n cÅ©ng khÃ´ng mong quÃ¡ nhiá»u nhÆ°ng mÃ  chuá»™t giÃ¡ ráº» thÃ¬ nhÆ° váº­y lÃ  quÃ¡ tá»‘t má»›i Ä‘áº·t thÃªm 1 con chuá»™t ná»¯a máº·c dÃ¹ dá»‹ch bá»‡nh nhÆ°ng váº«n giao Ä‘Ãºng giá» vÃ  ráº¥t thÃ¢n thiá»‡n
Chuá»™t KhÃ´ng dÃ¢y Genius NX 7005,150.000â‚«,
Chuá»™t KhÃ´ng dÃ¢y Genius NX 7005,150.000â‚«,
Chuá»™t KhÃ´ng dÃ¢y Genius NX 7005,150.000â‚«,
Chuá»™t KhÃ´ng dÃ¢y Genius NX 7005,150.000â‚«,
Chuá»™t KhÃ´ng dÃ¢y Genius NX 7005,150.000â‚«,
Chuá»™t KhÃ´ng dÃ¢y Genius NX 7005,150.000â‚«,
Chuá»™t KhÃ´ng dÃ¢y Genius NX 7005,150.000â‚«,
Chuá»™t KhÃ´ng dÃ¢y Silent Genius NX-8006S,180.000â‚«,"MÃ¬nh dÃ¹ng tá»« 04/12 Ä‘áº¿n giá» mÃ  chuá»™t Ä‘Ã£ rÃ  khÃ´ng nháº¡y, hay máº¥t káº¿t ná»‘i mÃ  di chuyá»ƒn khÃ´ng theo Ã½ muá»‘n. MÃ¬nh Ä‘Ã£ thá»­ thay pin qua nhÆ°ng váº«n váº­y"
Chuá»™t KhÃ´ng dÃ¢y Silent Genius NX-8006S,180.000â‚«,HÃ ng cÅ© nhÆ°ng ráº¥t cháº¥t lÆ°á»£ng. Cáº£m Æ¡n thegioididong.com vÃ  dienmayxanh.com
Chuá»™t KhÃ´ng dÃ¢y Silent Genius NX-8006S,180.000â‚«,"Ok, á»•n"
Chuá»™t KhÃ´ng dÃ¢y Silent Genius NX-8006S,180.000â‚«,XÃ i ráº¥t ngon
Chuá»™t KhÃ´ng dÃ¢y Silent Genius NX-8006S,180.000â‚«,HÃ i lÃ²ng.
Chuá»™t KhÃ´ng dÃ¢y Silent Genius NX-8006S,180.000â‚«,"Chuá»™t tá»‡ so vá»›i giÃ¡ vÃ  quáº£ng cÃ¡o, káº¿t ná»‘i khÃ´ng nháº¡y, dÃ¹ng Ã­t hÃ´m lÃ  áº¥n kÃªu tÃ¡ch tÃ¡ch, dÃ¹ng ráº¥t bá»±c"
Chuá»™t KhÃ´ng dÃ¢y Silent Genius NX-8006S,180.000â‚«,Ráº¥t nhanh háº¿t pin
Chuá»™t KhÃ´ng dÃ¢y Silent Genius NX-8006S,180.000â‚«,Tá»‘t
Chuá»™t KhÃ´ng dÃ¢y Silent Genius NX-8006S,180.000â‚«,Ok áº¡
Chuá»™t KhÃ´ng dÃ¢y Silent Genius NX-8006S,180.000â‚«,Ráº¥t hay nháº¥p nhÃ¡y khÃ´ng Ä‘á»u cÃ³ khi táº¯t ngá»§m luÃ´n tá»‡
Chuá»™t KhÃ´ng dÃ¢y Silent Genius NX-8006S,180.000â‚«,Sáº£n pháº©m tá»‘t.
Chuá»™t KhÃ´ng dÃ¢y Silent Genius NX-8006S,180.000â‚«,Phá»¥c vá»¥ ráº¥t Okii
Chuá»™t KhÃ´ng dÃ¢y Silent Genius NX-8006S,180.000â‚«,Tá»‘t
Chuá»™t KhÃ´ng dÃ¢y Silent Genius NX-8006S,180.000â‚«,Sáº£n pháº©m tá»‘t
Chuá»™t KhÃ´ng dÃ¢y Silent Genius NX-8006S,180.000â‚«,Máº«u nÃ y cáº§m khÃ´ng thuáº­n bÃ n tay.
Chuá»™t KhÃ´ng dÃ¢y Silent Genius NX-8006S,180.000â‚«,Bá»‹ cá»©ng má»™t bÃªn pháº£i
Chuá»™t KhÃ´ng dÃ¢y Silent Genius NX-8006S,180.000â‚«,"Chuá»™t xá»‹n, báº¥m Ãªm láº¯m nha NhÃ¢n viÃªn TGDÄ nhiá»‡t tÃ¬nh láº¯m"
Chuá»™t KhÃ´ng dÃ¢y Silent Genius NX-8006S,180.000â‚«,DÃ¹ng tá»‘t
Chuá»™t KhÃ´ng dÃ¢y Silent Genius NX-8006S,180.000â‚«,"Chuá»™t xá»‹n láº¯m, ráº» nÃªn mua"
Chuá»™t KhÃ´ng dÃ¢y Silent Genius NX-8006S,180.000â‚«,Tá»‘t
Chuá»™t KhÃ´ng dÃ¢y Silent Genius NX-8006S,180.000â‚«,Chuá»™t dÃ¹ng ok
Chuá»™t KhÃ´ng dÃ¢y Silent Genius NX-8006S,180.000â‚«,Tá»‘t
Chuá»™t KhÃ´ng dÃ¢y Silent Genius NX-8006S,180.000â‚«,Sp ok
Chuá»™t KhÃ´ng dÃ¢y Silent Genius NX-8006S,180.000â‚«,Ráº¥t tá»‘t
Chuá»™t KhÃ´ng dÃ¢y Silent Genius NX-8006S,180.000â‚«,tÃ´i dÃ¹ng sáº£n pháº©m nÃ y quÃ¨n rá»“i
Chuá»™t KhÃ´ng dÃ¢y Silent Genius NX-8006S,180.000â‚«,Ráº¥t tá»‘t
Chuá»™t KhÃ´ng dÃ¢y Silent Genius NX-8006S,180.000â‚«,"LÃºc cháº¡y lÃºc ko, báº¯t tÃ­n hiá»‡u yáº¿u, chÃ¡n"
Chuá»™t KhÃ´ng dÃ¢y Silent Genius NX-8006S,180.000â‚«,Tá»‘t
Chuá»™t KhÃ´ng dÃ¢y Silent Genius NX-8006S,180.000â‚«,NhÃ¢n viÃªn tÆ° váº¥n giá»›i thiá»‡u nhiá»‡t tÃ¬nh chu Ä‘Ã¡o.
Chuá»™t KhÃ´ng dÃ¢y Silent Genius NX-8006S,180.000â‚«,Sáº£n pháº©m tá»‘t
Chuá»™t KhÃ´ng dÃ¢y Silent Genius NX-8006S,180.000â‚«,Chuá»™t khÃ´ng dÃ¢y cháº¡y tá»‘t
Chuá»™t KhÃ´ng dÃ¢y Silent Genius NX-8006S,180.000â‚«,CHUá»˜T DÃ™NG á»”N
Chuá»™t KhÃ´ng dÃ¢y Silent Genius NX-8006S,180.000â‚«,"Chuá»™t báº¥m Ãªm vÃ  nháº¡y, ráº¥t Ã´m tay"
Chuá»™t KhÃ´ng dÃ¢y Silent Genius NX-8006S,180.000â‚«,Tá»‘t
Chuá»™t KhÃ´ng dÃ¢y Silent Genius NX-8006S,180.000â‚«,Ok
Chuá»™t KhÃ´ng dÃ¢y Silent Genius NX-8006S,180.000â‚«,Ok
Chuá»™t KhÃ´ng dÃ¢y Silent Genius NX-8006S,180.000â‚«,HÃ ng dÃ¹ng ok láº¯m
Chuá»™t KhÃ´ng dÃ¢y Silent Genius NX-8006S,180.000â‚«,"LÃºc Ä‘áº§u Ä‘á»‹nh mua Logitech nhÆ°ng giÃ¡ hÆ¡i cao, mua con nÃ y xÃ i ráº¥t á»•n trong táº§m giÃ¡ luÃ´n. NhÃ¢n viÃªn tÆ° váº¥n quÃ¡ oke áº¡! Nhá» báº¡n má»›i biáº¿t Ä‘Æ°á»£c cÃ³ chuá»™t vá»«a ráº» vá»«a Ãªm ná»¯a. Ráº¥t ráº¥t hÃ i lÃ²ng"
Chuá»™t KhÃ´ng dÃ¢y Silent Genius NX-8006S,180.000â‚«,Äá»™ phÃ¢n giáº£i kÃ©m
Chuá»™t KhÃ´ng dÃ¢y Silent Genius NX-8006S,180.000â‚«,"Sáº£n pháº©m ráº¥t tá»‘t, sá»­ dá»¥ng mÆ°á»£t mÃ , vá»«a táº§m tay, thiáº¿t káº¿ ráº¥t thá»i trang. Tuyá»‡t vá»i ğŸ‘"
Chuá»™t KhÃ´ng dÃ¢y Silent Genius NX-8006S,180.000â‚«,Oke
Chuá»™t KhÃ´ng dÃ¢y Silent Genius NX-8006S,180.000â‚«,Tá»‘t
Chuá»™t KhÃ´ng dÃ¢y Silent Genius NX-8006S,180.000â‚«,"Sp tá»‘t, nhÃ¢n viÃªn nhiá»‡t tÃ¬nh"
Chuá»™t KhÃ´ng dÃ¢y Silent Genius NX-8006S,180.000â‚«,Sáº£n pháº©m dÃ¹ng tá»‘t . NhÃ¢n viÃªn phá»¥c vá»¥ tá»‘t
Chuá»™t KhÃ´ng dÃ¢y Silent Genius NX-8006S,180.000â‚«,HÃ i lÃ²ng
Chuá»™t KhÃ´ng dÃ¢y Silent Genius NX-8006S,180.000â‚«,Chuá»™t báº¥m ko dc nháº¡y láº¯m.
Chuá»™t KhÃ´ng dÃ¢y Silent Genius NX-8006S,180.000â‚«,Sáº£n pháº©m vá»›i cháº¥t lÆ°á»£ng quÃ¡ tuyá»‡t vá»i. Má»i ngÆ°á»i nÃªn mua nhÃ¡ vÃ¬ sáº£n pháº©m tá»« hÃ£ng Genius cháº¥t lÆ°á»£ng lÃ  khá»i pháº£i bÃ n áº¡. MÃ¬nh xin chÃ¢n thÃ nh cáº£m Æ¡n hÃ£ng vÃ  tháº¿ giá»›i Di Äá»™ng áº¡
Chuá»™t KhÃ´ng dÃ¢y Silent Genius NX-8006S,180.000â‚«,
Chuá»™t KhÃ´ng dÃ¢y Silent Genius NX-8006S,180.000â‚«,
Chuá»™t KhÃ´ng dÃ¢y Silent Genius NX-8006S,180.000â‚«,
Chuá»™t KhÃ´ng dÃ¢y Silent Genius NX-8006S,180.000â‚«,
Chuá»™t KhÃ´ng dÃ¢y Silent Genius NX-8006S,180.000â‚«,
Chuá»™t KhÃ´ng dÃ¢y Silent Genius NX-8006S,180.000â‚«,
Chuá»™t KhÃ´ng dÃ¢y Silent Genius NX-8006S,180.000â‚«,
Chuá»™t KhÃ´ng dÃ¢y Silent Genius NX-8006S,180.000â‚«,
Chuá»™t KhÃ´ng dÃ¢y Silent Genius NX-8006S,180.000â‚«,
Chuá»™t KhÃ´ng dÃ¢y Silent Genius NX-8006S,180.000â‚«,
Chuá»™t KhÃ´ng dÃ¢y Silent Genius NX-8006S,180.000â‚«,
Chuá»™t KhÃ´ng dÃ¢y Silent Genius NX-8006S,180.000â‚«,
Chuá»™t KhÃ´ng dÃ¢y Silent Genius NX-8006S,180.000â‚«,
Chuá»™t KhÃ´ng dÃ¢y Silent Genius NX-8006S,180.000â‚«,
Chuá»™t KhÃ´ng dÃ¢y Silent Genius NX-8006S,180.000â‚«,
Chuá»™t KhÃ´ng dÃ¢y Silent Genius NX-8006S,180.000â‚«,
Chuá»™t KhÃ´ng dÃ¢y Silent Genius NX-8006S,180.000â‚«,
Chuá»™t KhÃ´ng dÃ¢y Silent Genius NX-8006S,180.000â‚«,
Chuá»™t KhÃ´ng dÃ¢y Silent Genius NX-8006S,180.000â‚«,
Chuá»™t KhÃ´ng dÃ¢y Silent Genius NX-8006S,180.000â‚«,
Chuá»™t KhÃ´ng dÃ¢y Silent Genius NX-8006S,180.000â‚«,
Chuá»™t KhÃ´ng dÃ¢y Silent Genius NX-8006S,180.000â‚«,
Chuá»™t KhÃ´ng dÃ¢y Silent Genius NX-8006S,180.000â‚«,
Chuá»™t KhÃ´ng dÃ¢y Silent Genius NX-8006S,180.000â‚«,
Chuá»™t KhÃ´ng dÃ¢y Silent Genius NX-8006S,180.000â‚«,Oke
Chuá»™t KhÃ´ng dÃ¢y Silent Genius NX-8006S,180.000â‚«,Tá»‘t
Chuá»™t KhÃ´ng dÃ¢y Silent Genius NX-8006S,180.000â‚«,"Sp tá»‘t, nhÃ¢n viÃªn nhiá»‡t tÃ¬nh"
Chuá»™t KhÃ´ng dÃ¢y Silent Genius NX-8006S,180.000â‚«,Sáº£n pháº©m dÃ¹ng tá»‘t . NhÃ¢n viÃªn phá»¥c vá»¥ tá»‘t
Chuá»™t KhÃ´ng dÃ¢y Silent Genius NX-8006S,180.000â‚«,HÃ i lÃ²ng
Chuá»™t KhÃ´ng dÃ¢y Silent Genius NX-8006S,180.000â‚«,Chuá»™t báº¥m ko dc nháº¡y láº¯m.
Chuá»™t KhÃ´ng dÃ¢y Silent Genius NX-8006S,180.000â‚«,Sáº£n pháº©m vá»›i cháº¥t lÆ°á»£ng quÃ¡ tuyá»‡t vá»i. Má»i ngÆ°á»i nÃªn mua nhÃ¡ vÃ¬ sáº£n pháº©m tá»« hÃ£ng Genius cháº¥t lÆ°á»£ng lÃ  khá»i pháº£i bÃ n áº¡. MÃ¬nh xin chÃ¢n thÃ nh cáº£m Æ¡n hÃ£ng vÃ  tháº¿ giá»›i Di Äá»™ng áº¡
Chuá»™t KhÃ´ng dÃ¢y Silent Genius NX-8006S,180.000â‚«,
Chuá»™t KhÃ´ng dÃ¢y Silent Genius NX-8006S,180.000â‚«,
Chuá»™t KhÃ´ng dÃ¢y Silent Genius NX-8006S,180.000â‚«,
Chuá»™t KhÃ´ng dÃ¢y Silent Genius NX-8006S,180.000â‚«,
Chuá»™t KhÃ´ng dÃ¢y Silent Genius NX-8006S,180.000â‚«,
Chuá»™t KhÃ´ng dÃ¢y Silent Genius NX-8006S,180.000â‚«,
Chuá»™t KhÃ´ng dÃ¢y Silent Genius NX-8006S,180.000â‚«,
Chuá»™t KhÃ´ng dÃ¢y Silent Genius NX-8006S,180.000â‚«,
Chuá»™t KhÃ´ng dÃ¢y Silent Genius NX-8006S,180.000â‚«,
Chuá»™t KhÃ´ng dÃ¢y Silent Genius NX-8006S,180.000â‚«,
Chuá»™t KhÃ´ng dÃ¢y Silent Genius NX-8006S,180.000â‚«,
Chuá»™t KhÃ´ng dÃ¢y Silent Genius NX-8006S,180.000â‚«,
Chuá»™t KhÃ´ng dÃ¢y Silent Genius NX-8006S,180.000â‚«,
